DATE,Wind_avg,Precip,Snowfall,Snowdepth,Temp_avg,Temp_max,Temp_min,Wind_direct2min,Wind_direct_5s,Wind_fast2m,Wind_fast5s,FOG,HeavyFog,Thunder,IcePellets,Hail,Glaze,Smoke,DriftingSnow
2017-01-01,9.84,0,0,0,46,52,34,290,270,21,27.1,,,,,,,,
2017-01-02,10.07,0.31,0,0,40,43,34,50,60,16.1,19,1,,,1,,,1,
2017-01-03,13.42,0.46,0,0,43,46,41,60,50,21,25.9,1,,,,,,,
2017-01-04,17.67,0,0,0,46,55,35,290,270,29.1,40.9,,,,,,,,
2017-01-05,17.67,0,0,0,34,35,28,260,280,31.1,36.9,,,,,,,,
2017-01-06,8.72,0.03,1.1,1.2,32,36,27,330,310,17,25.1,,,,,,,,
2017-01-07,16.11,0.22,8.2,0,25,27,21,340,350,29.1,35.1,1,,,,,,1,
2017-01-08,18.34,0,0,7.9,21,26,18,320,310,29.1,35.1,,,,,,,,
2017-01-09,11.18,0,0,7.1,20,24,13,240,300,21,25.1,,,,,,,,
2017-01-10,7.83,0,0,5.9,27,47,20,170,180,25.1,30,,,,,,,,
2017-01-11,11.63,0.46,0,1.2,45,51,41,210,210,23.9,32,1,,,,,,,
2017-01-12,11.41,0.1,0,1.2,50,61,46,230,220,18.1,23,1,,,,,,,
2017-01-13,16.78,0,0,0,50,58,34,320,320,29.1,35.1,,,,,,,,
2017-01-14,5.82,0.15,1.8,0,32,34,28,10,10,14.1,15,1,,,,,,1,
2017-01-15,8.28,0,0,2,35,41,30,360,350,14.1,19,,,,,,,,
2017-01-16,6.71,0,0,0,35,42,28,240,240,13,16.1,,,,,,,,
2017-01-17,7.38,0.59,0,0,40,43,39,240,240,15,18.1,1,,,,,,1,
2017-01-18,10.74,0.09,0,0,41,42,40,20,40,16.1,21,1,,,,,,,
2017-01-19,8.5,0,0,0,43,54,37,320,320,16.1,19,,,,,,,,
2017-01-20,5.59,0.08,0,0,44,46,42,40,60,12.1,14.1,1,,,,,,,
2017-01-21,8.5,0,0,0,44,47,42,250,250,14.1,17,1,1,,,,,,
2017-01-22,8.95,0.01,0,0,46,54,43,60,80,28,34,1,1,,,,,1,
2017-01-23,25.05,0.84,0,0,44,47,38,50,50,36.9,47,1,,,,,,,
2017-01-24,21.7,1.22,0,0,38,40,38,40,50,40,52.1,1,,,,,,,
2017-01-25,14.76,0,0,0,42,51,37,310,300,29.1,36.9,,,,,,,,
2017-01-26,14.76,0.03,0,0,45,55,42,290,290,35.1,42.9,1,,,,,,,
2017-01-27,20.8,0,0,0,42,46,36,260,260,29.1,36.9,,,,,,,,
2017-01-28,17.67,0,0,0,37,40,34,250,250,28,32,,,,,,,,
2017-01-29,11.63,0,0,0,38,46,30,270,270,21.9,28,,,,,,,,
2017-01-30,12.53,0,0,0,36,39,30,310,310,23,28,,,,,,,,
2017-01-31,6.26,0.05,0.6,0,30,32,26,90,320,14.1,19,1,,,,,,,
2017-02-01,12.53,0,0,0,38,48,27,270,270,21.9,29.1,1,,,,,,,
2017-02-02,11.86,0,0,0,40,47,32,290,290,25.1,32,,,,,,,,
2017-02-03,13.2,0,0,0,32,34,26,310,280,29.1,35.1,,,,,,,,
2017-02-04,14.99,0,0,0,29,35,23,320,290,30,36.9,,,,,,,,
2017-02-05,12.97,0,0,0,35,42,30,210,210,25.1,29.1,,,,,,,,
2017-02-06,10.74,0,0,0,42,48,36,300,290,21.9,29.1,,,,,,,,
2017-02-07,6.93,0.1,0,0,40,44,35,30,30,16.1,18.1,1,,,,,,1,
2017-02-08,8.72,0,0,0,48,65,39,360,350,19.9,23,1,,,,,,1,
2017-02-09,23.04,0.74,8.3,1.2,35,44,19,310,300,38,48.1,1,,,1,,,1,1
2017-02-10,16.11,0,0,7.9,24,31,20,270,270,23.9,32,,,,,,,,
2017-02-11,6.93,0,0,5.9,37,45,30,210,210,16.1,18.1,,,,,,,,
2017-02-12,10.74,0.4,0.1,5.1,36,37,32,60,330,21,23.9,1,,,1,,1,,
2017-02-13,25.72,0,0,3.9,37,39,31,300,300,44.1,62,,,,,,,,
2017-02-14,11.41,0,0,3.1,33,38,28,310,330,21,27.1,,,,,,,,
2017-02-15,10.74,0,0,2,38,46,31,300,310,30,38.9,,,,,,,,
2017-02-16,22.15,0,0,0,35,39,29,320,330,30,36.9,,,,,,,,
2017-02-17,14.54,0,0,0,33,44,27,320,320,25.9,36.9,,,,,,,,
2017-02-18,7.16,0,0,0,41,53,30,220,220,15,19,,,,,,,,
2017-02-19,11.41,0,0,0,55,68,46,290,300,23,29.1,,,,,,,,
2017-02-20,13.2,0,0,0,52,56,38,40,40,21.9,27.1,,,,,,,,
2017-02-21,8.5,0,0,0,40,45,31,210,,12.1,,,,,,,,,
2017-02-22,5.82,0,0,0,44,51,39,170,,10.1,,,,,,,,,
2017-02-23,5.37,0,0,0,45,57,38,200,200,16.1,19.9,1,1,,,,,,
2017-02-24,11.18,0,0,0,52,62,45,180,180,25.9,33.1,1,1,,,,,,
2017-02-25,11.86,0.34,0,0,53,63,47,320,290,28,36.9,1,1,1,,,,1,
2017-02-26,18.57,0,0,0,44,47,37,310,300,29.1,38,,,,,,,,
2017-02-27,12.3,0,0,0,41,52,32,190,190,23.9,31.1,,,,,,,,
2017-02-28,6.26,0,0,0,48,58,43,150,180,16.1,19,1,1,,,,,,
2017-03-01,11.63,0.01,0,0,51,61,48,190,190,25.1,32,1,1,,,,,,
2017-03-02,25.5,0,0,0,52,62,37,280,290,40.9,55,,,,,,,,
2017-03-03,18.34,0,0,0,37,42,25,300,300,33.1,42.9,,,,,,,,
2017-03-04,20.8,0,0,0,27,34,18,300,310,35.1,44.1,,,,,,,,
2017-03-05,13.65,0,0,0,24,38,16,330,330,25.1,33.1,,,,,,,,
2017-03-06,8.05,0,0,0,32,42,22,190,190,16.1,19,,,,,,,1,
2017-03-07,10.51,0.11,0,0,44,50,42,190,180,21.9,27.1,1,,,,,,,
2017-03-08,16.55,0.05,0,0,52,61,46,290,290,25.9,32,1,,,,,,,
2017-03-09,19.46,0,0,0,55,64,46,270,270,32,40.9,,,,,,,,
2017-03-10,17.45,0.26,2.4,0,42,49,24,310,300,36,44.1,1,,,,,,1,
2017-03-11,18.57,0,0,2,25,29,18,310,320,33.1,40,,,,,,,,
2017-03-12,18.34,0,0,1.2,25,32,20,310,270,28,36.9,,,,,,,,
2017-03-13,9.17,0,0,0,26,34,20,310,300,21,25.9,,,,,,,,
2017-03-14,24.61,1.94,5.1,3.9,32,36,23,40,40,38.9,48.1,1,,,1,,,,1
2017-03-15,21.25,0,0,3.9,25,28,22,290,290,32,42.9,,,,,,,,
2017-03-16,17.22,0,0,3.9,30,40,25,290,290,28,36,,,,,,,,
2017-03-17,13.2,0,0,3.1,36,45,30,240,290,21,25.1,,,,,,,,
2017-03-18,10.96,0.07,0,2,36,40,28,40,40,21.9,27.1,1,,,,,,1,
2017-03-19,14.54,0,0,1.2,40,48,35,20,30,23,30,,,,,,,,
2017-03-20,12.53,0,0,0,43,55,35,340,360,21,27.1,,,,,,,,
2017-03-21,9.17,0,0,0,49,57,42,210,210,16.1,19,,,,,,,,
2017-03-22,23.49,0,0,0,42,50,24,320,300,38,53,,,,,,,,
2017-03-23,11.63,0,0,0,31,44,23,320,320,21,28,,,,,,,,
2017-03-24,13.87,0,0,0,40,49,32,190,190,23,30,,,,,,,,
2017-03-25,8.72,0.01,0,0,51,62,42,40,40,19.9,23,,,,,,,,
2017-03-26,12.08,0.14,0,0,42,43,39,70,90,21,25.1,1,,,,,,,
2017-03-27,6.04,0.19,0,0,45,58,40,220,60,12.1,15,1,1,,,,,,
2017-03-28,8.28,0.93,0,0,47,49,42,80,80,21,25.1,1,,1,,,,,
2017-03-29,16.33,0,0,0,49,61,42,330,330,25.9,31.1,,,,,,,,
2017-03-30,9.62,0.01,0,0,43,50,37,200,10,17,23,,,,,,,,
2017-03-31,16.11,2.07,0,0,41,42,39,70,70,31.1,42.1,1,,,,,,,
2017-04-01,16.55,0.01,0,0,42,47,38,20,30,25.9,33.1,1,,,,,,,
2017-04-02,12.53,0,0,0,50,65,40,330,320,25.9,32,,,,,,,,
2017-04-03,8.72,0.03,0,0,53,59,42,130,120,23,27.1,1,,,,,,,
2017-04-04,10.51,1.05,0,0,50,54,46,130,120,29.1,38.9,1,1,,,,,,
2017-04-05,7.61,0,0,0,49,60,44,110,100,19.9,23.9,1,,,,,,,
2017-04-06,16.11,0.96,0,0,46,54,42,80,100,29.1,40,1,1,1,,,,,
2017-04-07,20.36,0,0,0,48,52,41,280,290,28,38.9,,,,,,,,
2017-04-08,17,0,0,0,47,58,41,320,270,28,38,,,,,,,,
2017-04-09,10.51,0,0,0,51,61,40,180,180,25.1,31.1,,,,,,,,
2017-04-10,11.41,0,0,0,52,62,43,190,190,25.9,33.1,,,,,,,,
2017-04-11,6.71,0,0,0,56,66,47,180,180,19.9,25.1,,,,,,,,
2017-04-12,6.93,0.05,0,0,60,73,52,310,310,21.9,25.1,,,,,,,,
2017-04-13,12.53,0,0,0,56,66,49,330,320,23.9,29.1,,,,,,,,
2017-04-14,7.61,0,0,0,54,60,47,180,190,16.1,19,,,,,,,,
2017-04-15,11.18,0,0,0,51,58,44,170,180,23.9,28,,,,,,,,
2017-04-16,13.2,0.01,0,0,64,83,51,280,270,36.9,47,1,,,,,,,
2017-04-17,14.99,0,0,0,70,76,58,340,350,29.1,34,,,,,,,,
2017-04-18,12.75,0,0,0,58,62,47,140,150,21,23.9,,,,,,,,
2017-04-19,12.53,0,0,0,48,52,45,130,150,21,23.9,,,,,,,,
2017-04-20,6.49,0.17,0,0,54,64,50,110,100,17,23,1,,,,,,1,
2017-04-21,9.17,0.03,0,0,53,58,49,100,90,21,27.1,1,,,,,,,
2017-04-22,7.83,0.11,0,0,53,58,50,360,360,21,25.1,1,,,,,,,
2017-04-23,11.18,0,0,0,53,61,47,360,350,18.1,25.1,,,,,,,,
2017-04-24,7.38,0.01,0,0,51,57,44,80,70,15,19,,,,,,,,
2017-04-25,17,0.98,0,0,54,59,51,60,60,25.9,35.1,1,,,,,,,
2017-04-26,8.72,0.48,0,0,57,62,54,30,30,21,25.1,1,,,,,,,
2017-04-27,7.61,0.01,0,0,60,65,56,140,140,17,21,1,1,,,,,,
2017-04-28,6.49,0,0,0,62,74,55,180,180,19.9,23.9,1,1,,,,,1,
2017-04-29,12.75,0.16,0,0,69,85,60,290,290,30,38.9,1,,1,,,,,
2017-04-30,13.87,0,0,0,64,70,51,100,100,25.1,33.1,1,,,,,,,
2017-05-01,12.75,0,0,0,55,67,50,180,180,28,34,1,,,,,,,
2017-05-02,18.34,0.02,0,0,66,77,59,270,240,36,47,1,1,,,,,,
2017-05-03,17.45,0,0,0,64,68,52,330,310,30,36.9,,,,,,,,
2017-05-04,11.18,0,0,0,55,61,44,150,150,19.9,25.1,,,,,,,,
2017-05-05,15.66,1.78,0,0,55,61,51,110,110,30,38,1,1,1,,,,,
2017-05-06,19.24,0.05,0,0,58,62,54,170,160,28,36,1,1,,,,,1,
2017-05-07,15.43,0,0,0,54,57,49,260,260,23.9,29.1,,,,,,,,
2017-05-08,11.86,0,0,0,53,61,42,280,270,23.9,34,,,,,,,,
2017-05-09,7.83,0,0,0,54,63,47,200,180,16.1,19.9,,,,,,,,
2017-05-10,5.82,0,0,0,54,60,50,170,200,13,16.1,,,,,,,,
2017-05-11,6.26,0,0,0,54,61,48,120,160,13,16.1,,,,,,,,
2017-05-12,8.5,0,0,0,53,61,47,160,150,17,23,,,,,,,,
2017-05-13,14.76,1.65,0,0,51,53,47,40,30,28,36.9,1,,,,,,,
2017-05-14,15.88,0.01,0,0,54,70,47,320,320,36,45,,,1,,,,,
2017-05-15,20.58,0,0,0,61,69,54,310,310,35.1,42.9,,,,,,,,
2017-05-16,11.41,0,0,0,66,78,58,230,310,21,25.1,,,,,,,,
2017-05-17,9.62,0,0,0,67,77,57,190,180,21.9,27.1,,,,,,,,
2017-05-18,10.74,0,0,0,74,85,65,180,180,21,23.9,,,,,,,,
2017-05-19,12.97,0,0,0,79,92,67,20,20,23,29.1,,,,,,,,
2017-05-20,10.51,0,0,0,65,67,53,40,40,23,30,,,,,,,,
2017-05-21,8.72,0,0,0,58,65,49,130,120,17,21,,,,,,,,
2017-05-22,8.5,0.65,0,0,57,63,55,140,140,17,19.9,1,,,,,,,
2017-05-23,6.71,0,0,0,63,70,59,340,330,15,19.9,1,,,,,,,
2017-05-24,9.17,0.02,0,0,62,69,57,90,110,18.1,21.9,,,,,,,,
2017-05-25,13.42,1.14,0,0,58,61,56,80,80,23.9,34,1,,1,,,,,
2017-05-26,12.3,0.19,0,0,64,77,57,300,270,23,28,1,,1,,,,,
2017-05-27,8.72,0,0,0,67,73,60,300,190,19.9,25.1,,,,,,,,
2017-05-28,8.72,0,0,0,63,68,58,120,110,16.1,21,1,,,,,,,
2017-05-29,8.5,0.29,0,0,59,61,56,80,90,15,21,1,,,,,,,
2017-05-30,9.4,0,0,0,57,60,55,100,120,15,19,1,,,,,,,
2017-05-31,6.71,0.03,0,0,62,73,58,180,,12.1,,1,,,,,,,
2017-06-01,9.84,0,0,0,68,82,60,260,260,23,28,1,1,,,,,1,
2017-06-02,11.41,0,0,0,68,77,57,320,320,23.9,31.1,,,,,,,,
2017-06-03,11.41,0.02,0,0,66,76,56,300,320,23.9,29.1,,,,,,,,
2017-06-04,6.26,0.09,0,0,65,70,54,150,150,16.1,19.9,1,,,,,,,
2017-06-05,7.61,0.4,0,0,65,71,60,110,120,19.9,25.1,1,,1,,,,1,
2017-06-06,11.63,0.05,0,0,58,60,53,20,30,18.1,23,1,,,,,,,
2017-06-07,9.17,0,0,0,58,68,52,160,30,15,21,,,,,,,,
2017-06-08,5.82,0,0,0,61,67,54,90,90,15,19,,,,,,,,
2017-06-09,9.4,0,0,0,66,84,51,320,290,21.9,29.1,,,,,,,,
2017-06-10,11.18,0,0,0,74,81,62,180,180,23,29.1,,,,,,,,
2017-06-11,10.51,0,0,0,74,87,66,190,190,21,25.9,,,,,,,,
2017-06-12,11.18,0,0,0,80,92,69,190,180,21,23,,,,,,,,
2017-06-13,9.84,0,0,0,82,94,72,220,220,21,25.1,,,,,,,,
2017-06-14,7.16,0.3,0,0,77,82,64,40,30,17,23,1,,1,,,,,
2017-06-15,9.62,0,0,0,67,72,61,140,140,17,21.9,,,,,,,,
2017-06-16,8.5,0.03,0,0,66,70,63,100,90,19.9,23,1,,,,,,,
2017-06-17,5.82,0.34,0,0,68,73,66,150,140,12.1,14.1,1,1,,,,,,
2017-06-18,15.66,0,0,0,72,79,69,180,180,30,38.9,1,1,,,,,,
2017-06-19,17.22,1.12,0,0,74,79,68,180,180,32,40.9,1,,1,,,,,
2017-06-20,13.65,0.01,0,0,75,86,67,230,260,23,30,1,,,,,,,
2017-06-21,11.63,0,0,0,78,86,69,240,240,21,23.9,,,,,,,,
2017-06-22,8.5,0,0,0,74,79,66,180,180,19.9,23.9,,,,,,,,
2017-06-23,11.41,0,0,0,75,83,71,220,220,21,25.1,1,,,,,,,
2017-06-24,12.08,1.73,0,0,78,87,70,310,270,25.9,31.1,1,,1,,,,,
2017-06-25,9.62,0,0,0,76,82,69,330,330,23.9,29.1,,,,,,,,
2017-06-26,11.63,0,0,0,72,78,64,190,190,23,28,,,,,,,,
2017-06-27,8.95,0.11,0,0,70,77,62,190,180,18.1,21.9,1,,,,,,,
2017-06-28,11.86,0,0,0,71,82,63,190,190,23,28,,,,,,,,
2017-06-29,16.33,0,0,0,71,77,67,190,180,33.1,38.9,,,,,,,,
2017-06-30,14.99,0,0,0,72,80,68,190,190,29.1,36.9,,,,,,,,
2017-07-01,12.3,0.53,0,0,72,78,67,190,180,25.1,32,1,,1,,,,,
2017-07-02,10.07,0,0,0,77,89,71,180,180,19.9,25.1,1,,,,,,,
2017-07-03,7.83,0,0,0,79,89,71,220,220,19.9,23.9,,,,,,,,
2017-07-04,6.49,0,0,0,77,85,70,20,30,16.1,19,,,,,,,,
2017-07-05,8.95,0,0,0,76,83,69,130,130,17,21,,,,,,,,
2017-07-06,8.28,0,0,0,73,77,69,110,110,14.1,17,,,,,,,,
2017-07-07,8.95,1.92,0,0,73,83,69,300,300,25.9,30,1,,,,,,,
2017-07-08,10.96,0,0,0,77,87,70,270,260,23.9,28,1,,,,,,,
2017-07-09,11.41,0,0,0,77,83,69,190,190,19.9,23,,,,,,,,
2017-07-10,12.75,0,0,0,75,83,66,180,180,28,34,,,,,,,,
2017-07-11,9.84,0.16,0,0,78,88,73,230,240,23.9,35.1,1,,1,,,,1,
2017-07-12,13.2,0.01,0,0,81,91,75,240,240,25.9,31.1,,,,,,,,
2017-07-13,10.96,0.03,0,0,84,93,70,340,320,25.1,30,1,,,,,,,
2017-07-14,9.17,0.21,0,0,70,70,65,100,90,16.1,21,1,,1,,,,,
2017-07-15,5.82,0.01,0,0,73,84,68,170,170,13,15,1,,,,,,,
2017-07-16,8.5,0,0,0,77,83,68,190,170,16.1,18.1,,,,,,,,
2017-07-17,9.17,0,0,0,77,84,71,170,160,18.1,23,,,,,,,,
2017-07-18,9.4,0,0,0,78,85,72,190,170,18.1,25.1,,,,,,,,
2017-07-19,11.41,0,0,0,80,91,75,180,180,21.9,25.9,,,,,,,,
2017-07-20,9.4,0,0,0,84,94,77,190,180,21,23.9,1,,,,,,,
2017-07-21,10.74,0,0,0,86,95,79,230,220,21,25.1,,,,,,,1,
2017-07-22,7.61,0.62,0,0,84,88,73,330,330,15,17,1,,,,,,,
2017-07-23,7.83,0.37,0,0,76,81,71,110,110,16.1,19.9,1,,,,,,,
2017-07-24,11.41,0.78,0,0,71,74,64,30,20,25.9,32,1,,,,,,,
2017-07-25,7.38,0,0,0,67,72,63,40,40,13,15,,,,,,,,
2017-07-26,7.83,0,0,0,70,76,63,190,170,14.1,19.9,,,,,,,,
2017-07-27,9.84,0,0,0,71,78,65,190,200,17,19.9,,,,,,,,
2017-07-28,6.04,0,0,0,76,83,70,140,140,13,15,,,,,,,,
2017-07-29,17,0.01,0,0,73,76,66,40,40,30,38,,,,,,,,
2017-07-30,9.17,0,0,0,72,83,62,210,40,16.1,19.9,,,,,,,,
2017-07-31,8.5,0,0,0,75,86,66,180,210,15,19,,,,,,,,
2017-08-01,8.05,0,0,0,78,88,69,170,170,16.1,18.1,,,,,,,,
2017-08-02,7.38,0.01,0,0,77,85,71,320,320,30,36,1,,1,,,,,
2017-08-03,7.61,0,0,0,75,83,68,180,180,16.1,19.9,,,,,,,,
2017-08-04,11.63,0.06,0,0,77,83,73,160,160,19.9,25.1,1,,1,,,,,
2017-08-05,12.75,0.27,0,0,76,82,71,270,260,23,30,1,,1,,,,,
2017-08-06,12.3,0,0,0,73,80,66,310,310,19.9,25.9,,,,,,,,
2017-08-07,7.16,0.39,0,0,70,72,66,140,130,16.1,19.9,1,,,,,,,
2017-08-08,8.5,0,0,0,71,82,66,360,350,18.1,23,1,,,,,,,
2017-08-09,7.61,0,0,0,74,83,65,170,180,14.1,17,,,,,,,,
2017-08-10,6.93,0,0,0,74,82,67,170,170,16.1,18.1,,,,,,,1,
2017-08-11,10.07,0,0,0,74,81,67,180,170,18.1,21.9,,,,,,,,
2017-08-12,7.61,0.21,0,0,71,78,65,180,180,17,19.9,1,,1,,,,,
2017-08-13,8.05,0,0,0,78,87,71,300,330,16.1,21.9,,,,,,,,
2017-08-14,7.38,0,0,0,76,81,68,180,180,14.1,16.1,,,,,,,,
2017-08-15,5.82,0.44,0,0,73,76,68,250,250,12.1,14.1,1,,,,,,,
2017-08-16,6.71,0,0,0,77,88,70,340,340,16.1,19.9,1,,,,,,,
2017-08-17,8.95,0,0,0,75,80,69,140,130,15,18.1,1,,,,,,,
2017-08-18,13.42,0.27,0,0,76,81,73,190,190,23,30,1,,1,,,,,
2017-08-19,10.51,0,0,0,78,87,73,240,230,16.1,19.9,,,,,,,,
2017-08-20,11.41,0,0,0,78,85,71,320,310,18.1,23.9,,,,,,,,
2017-08-21,10.29,0,0,0,78,87,70,180,180,23,27.1,,,,,,,,
2017-08-22,14.54,0.17,0,0,78,86,74,180,190,31.1,36,1,,1,,,,,
2017-08-23,10.29,0.06,0,0,78,84,69,280,310,18.1,23.9,1,,1,,,,,
2017-08-24,8.28,0,0,0,74,84,65,270,270,17,21.9,,,,,,,,
2017-08-25,6.71,0,0,0,71,80,64,360,360,16.1,21,,,,,,,,
2017-08-26,6.49,0,0,0,71,80,62,180,190,15,19.9,,,,,,,,
2017-08-27,7.16,0,0,0,69,80,60,110,110,14.1,19,,,,,,,,
2017-08-28,10.51,0,0,0,68,78,60,100,120,19.9,23.9,,,,,,,,
2017-08-29,11.86,0.57,0,0,65,69,62,50,60,18.1,23,1,,,,,,,
2017-08-30,12.75,0.05,0,0,67,80,60,350,360,21,25.9,1,,,,,,,
2017-08-31,13.42,0,0,0,74,86,65,330,290,21,28,,,,,,,,
2017-09-01,10.74,0,0,0,66,74,56,300,330,17,25.9,,,,,,,,
2017-09-02,9.84,0.54,0,0,63,68,54,90,100,19.9,25.9,1,,,,,,,
2017-09-03,14.09,0.46,0,0,63,73,59,90,100,21.9,27.1,1,,,,,,1,
2017-09-04,13.65,0,0,0,70,79,63,180,190,23.9,28,,,,,,,,
2017-09-05,13.65,0,0,0,74,81,68,180,190,28,35.1,,,,,,,,
2017-09-06,8.05,0.5,0,0,70,74,62,360,350,21.9,27.1,1,,1,,,,1,
2017-09-07,12.97,0,0,0,66,74,61,240,240,23,27.1,,,,,,,,
2017-09-08,11.63,0,0,0,67,75,59,270,270,19.9,23,,,,,,,,
2017-09-09,11.63,0,0,0,65,72,56,360,330,21,25.1,,,,,,,,
2017-09-10,10.07,0,0,0,65,75,57,360,360,21.9,28,,,,,,,,
2017-09-11,6.49,0,0,0,67,80,56,20,360,12.1,16.1,,,,,,,,
2017-09-12,6.26,0,0,0,69,80,59,190,220,13,15,,,,,,,,
2017-09-13,8.28,0.4,0,0,70,80,61,180,180,16.1,21,1,,1,,,,,
2017-09-14,8.05,0,0,0,72,79,67,190,180,19.9,23.9,1,1,,,,,,
2017-09-15,6.26,0,0,0,73,81,66,190,190,14.1,17,1,,,,,,,
2017-09-16,5.37,0,0,0,73,79,68,160,160,14.1,17,1,1,,,,,1,
2017-09-17,4.92,0,0,0,71,78,67,140,150,13,16.1,1,,,,,,,
2017-09-18,9.62,0,0,0,71,77,67,40,60,15,21,1,,,,,,,
2017-09-19,18.79,0.26,0,0,72,77,69,40,30,29.1,38.9,1,,,,,,,
2017-09-20,17,0,0,0,75,81,71,10,360,28,33.1,,,,,,,,
2017-09-21,13.65,0,0,0,76,81,71,350,360,21.9,28,,,,,,,,
2017-09-22,18.12,0,0,0,75,83,67,350,350,25.1,32,,,,,,,,
2017-09-23,11.41,0,0,0,77,88,68,350,340,19.9,25.1,,,,,,,,
2017-09-24,5.59,0,0,0,77,92,65,180,50,13,17,,,,,,,,
2017-09-25,5.14,0,0,0,74,85,65,150,150,12.1,14.1,,,,,,,1,
2017-09-26,6.26,0,0,0,71,78,67,140,160,12.1,14.1,1,,,,,,,
2017-09-27,7.38,0,0,0,75,87,69,110,110,15,19,1,,,,,,,
2017-09-28,17,0,0,0,75,80,60,320,330,25.9,32,1,1,,,,,,
2017-09-29,6.93,0,0,0,62,69,54,270,260,16.1,21,,,,,,,1,
2017-09-30,14.09,0.04,0,0,61,67,54,350,350,25.1,31.1,1,,,,,,,
2017-10-01,6.93,0,0,0,58,69,50,230,230,16.1,18.1,,,,,,,,
2017-10-02,6.93,0,0,0,62,73,52,200,40,13,17,,,,,,,,
2017-10-03,7.83,0,0,0,60,70,51,150,140,15,21,,,,,,,,
2017-10-04,11.86,0,0,0,62,72,55,200,190,21,25.1,,,,,,,,
2017-10-05,12.08,0,0,0,69,83,63,240,240,18.1,21.9,,,,,,,,
2017-10-06,7.38,0,0,0,72,81,66,170,190,14.1,17,,,,,,,,
2017-10-07,10.74,0,0,0,70,79,63,170,190,23,29.1,1,,,,,,,
2017-10-08,14.32,0.04,0,0,71,73,70,180,180,23.9,29.1,1,,,,,,,
2017-10-09,16.78,0.34,0,0,71,76,70,180,170,32,42.1,1,,,,,,,
2017-10-10,7.38,0,0,0,74,84,66,320,320,19.9,23.9,,,,,,,,
2017-10-11,9.4,0.02,0,0,68,77,62,90,110,21.9,27.1,,,,,,,,
2017-10-12,15.21,0.08,0,0,61,66,54,50,50,23,29.1,1,,,,,,,
2017-10-13,11.63,0,0,0,59,67,53,100,100,19.9,23.9,1,,,,,,,
2017-10-14,6.93,0.01,0,0,65,74,60,30,30,13,15,1,,,,,,,
2017-10-15,10.07,0.01,0,0,68,74,65,220,220,21,27.1,1,,,,,,,
2017-10-16,16.55,0,0,0,62,69,46,320,320,25.9,32,,,,,,,,
2017-10-17,10.51,0,0,0,50,60,42,360,360,18.1,23,,,,,,,,
2017-10-18,10.29,0,0,0,58,71,50,260,260,17,21,,,,,,,,
2017-10-19,10.74,0,0,0,61,70,51,220,190,17,21,,,,,,,,
2017-10-20,10.51,0,0,0,65,75,56,300,320,19.9,25.9,,,,,,,,
2017-10-21,6.04,0,0,0,63,76,48,190,190,15,18.1,,,,,,,,
2017-10-22,4.7,0,0,0,61,72,49,170,180,13,15,,,,,,,,
2017-10-23,12.75,0,0,0,63,73,55,140,140,23,28,1,,,,,,,
2017-10-24,21.92,0.51,0,0,69,74,65,160,160,36,45,1,,1,,,,,
2017-10-25,6.49,0,0,0,63,66,58,330,330,18.1,21.9,1,,,,,,,
2017-10-26,14.32,0,0,0,57,59,50,270,290,21.9,29.1,,,,,,,,
2017-10-27,9.62,0,0,0,54,61,46,220,200,15,19.9,,,,,,,,
2017-10-28,11.63,0,0,0,60,68,50,160,180,23,27.1,,,,,,,,
2017-10-29,17.22,2.84,0,0,63,67,60,240,140,38,46.1,1,,1,,,,,
2017-10-30,19.91,0.36,0,0,57,62,47,270,290,35.1,42.9,1,,,,,,,
2017-10-31,14.99,0,0,0,53,59,44,260,250,23,32,,,,,,,1,
2017-11-01,5.82,0,0,0,49,61,38,150,130,12.1,16.1,,,,,,,1,
2017-11-02,9.4,0,0,0,63,71,60,170,190,18.1,21.9,1,1,,,,,,
2017-11-03,10.96,0,0,0,64,73,51,340,340,28,33.1,1,,,,,,,
2017-11-04,8.5,0,0,0,53,57,44,360,360,21,25.9,,,,,,,,
2017-11-05,8.72,0.05,0,0,55,61,51,120,120,13,17,1,1,,,,,,
2017-11-06,12.53,0,0,0,62,66,47,310,330,21,28,1,1,,,,,,
2017-11-07,12.08,0.78,0,0,48,50,41,10,20,21,25.9,1,,,,,,,
2017-11-08,10.96,0,0,0,43,48,41,20,20,21,27.1,,,,,,,,
2017-11-09,7.16,0,0,0,46,55,38,240,210,17,21,,,,,,,,
2017-11-10,20.8,0,0,0,44,53,25,340,310,32,42.1,1,,,,,,,
2017-11-11,8.72,0,0,0,29,38,24,320,310,21.9,29.1,,,,,,,,
2017-11-12,4.03,0,0,0,36,46,29,200,210,8.1,10.1,,,,,,,,
2017-11-13,8.95,0.03,0,0,43,47,38,20,360,16.1,19,,,,,,,,
2017-11-14,9.84,0,0,0,41,46,36,30,30,16.1,18.1,,,,,,,,
2017-11-15,9.17,0,0,0,43,51,36,140,140,15,19,,,,,,,,
2017-11-16,16.33,0.13,0,0,52,57,44,270,270,31.1,38.9,1,,,,,,,
2017-11-17,17.9,0,0,0,45,48,38,320,330,30,38,,,,,,,,
2017-11-18,13.2,0.2,0,0,42,57,28,190,190,25.9,35.1,1,,,,,,1,
2017-11-19,21.92,0.25,0,0,53,58,40,300,300,36.9,50.1,1,,,,,,,
2017-11-20,17.22,0,0,0,42,47,37,270,280,25.9,32,,,,,,,,
2017-11-21,14.76,0,0,0,47,57,40,190,210,23,27.1,,,,,,,,
2017-11-22,12.3,0.35,0,0,50,54,35,310,300,30,38,1,,,,,,,
2017-11-23,9.84,0,0,0,37,43,31,310,340,23,25.9,,,,,,,,
2017-11-24,8.05,0,0,0,40,48,33,200,240,14.1,18.1,,,,,,,,
2017-11-25,9.62,0,0,0,45,54,37,230,240,16.1,18.1,,,,,,,,
2017-11-26,15.21,0,0,0,48,52,40,320,310,30,36.9,,,,,,,,
2017-11-27,13.42,0,0,0,44,52,38,300,310,23,28,,,,,,,,
2017-11-28,9.84,0,0,0,42,52,31,190,190,21,25.9,,,,,,,,
2017-11-29,14.54,0,0,0,52,64,40,330,340,25.9,32,,,,,,,,
2017-11-30,6.71,0.01,0,0,43,53,35,40,50,15,17,,,,,,,,
2017-12-01,10.51,0.01,0,0,49,53,38,320,320,21,25.9,,,,,,,,
2017-12-02,4.25,0,0,0,42,49,35,200,190,10.1,13,,,,,,,,
2017-12-03,5.37,0,0,0,43,49,37,70,60,8.9,11,,,,,,,,
2017-12-04,7.61,0,0,0,44,51,35,160,170,15,19,1,,,,,,,
2017-12-05,19.46,0.3,0,0,53,58,50,180,190,28,40,1,,,,,,,
2017-12-06,14.76,0.01,0,0,49,56,40,290,290,32,38.9,1,,,,,,,
2017-12-07,16.33,0,0,0,42,45,38,260,290,25.9,33.1,,,,,,,,
2017-12-08,9.62,0,0,0,38,40,35,270,280,16.1,21.9,,,,,,,,
2017-12-09,8.72,0.33,3.4,0,35,37,30,360,10,17,23,1,,,,,,,
2017-12-10,15.66,0,0,3.1,33,38,30,260,250,23.9,29.1,,,,,,,,
2017-12-11,11.41,0,0,2,36,41,33,250,250,25.9,32,,,,,,,,
2017-12-12,19.01,0,0,0,44,53,31,300,290,32,40.9,,,,,,,,
2017-12-13,23.94,0,0,0,28,32,20,280,290,36,45,,,,,,,,
2017-12-14,12.08,0.06,1.4,1.2,27,32,22,300,280,23.9,31.1,1,,,,,,,
2017-12-15,6.71,0.1,1.3,0,24,28,20,270,270,19.9,23,1,,,,,,,
2017-12-16,15.21,0,0,1.2,30,39,24,250,250,23.9,29.1,,,,,,,,
2017-12-17,4.92,0,0,0,35,37,32,340,330,13,16.1,,,,,,,,
2017-12-18,7.61,0.02,0,0,38,48,33,250,250,15,18.1,,,,,,,,
2017-12-19,14.32,0,0,0,47,55,41,260,250,25.9,33.1,,,,,,,,
2017-12-20,16.11,0,0,0,46,51,34,320,320,31.1,38,,,,,,,,
2017-12-21,7.83,0,0,0,36,41,30,330,330,16.1,21,,,,,,,,
2017-12-22,7.16,0,0,0,39,49,33,160,160,17,23,1,,,,,,,
2017-12-23,9.62,0.62,0,0,44,52,39,190,190,29.1,36,1,,,,,,,
2017-12-24,12.97,0,0,0,41,42,36,330,320,21,27.1,1,,,,,,,
2017-12-25,22.37,0.17,0,0,37,40,28,270,260,40,49,1,,,,,,,
2017-12-26,17.45,0,0,0,27,29,24,270,260,30,38.9,,,,,,,,
2017-12-27,13.2,0,0,0,23,25,17,320,310,23,29.1,,,,,,,,
2017-12-28,19.46,0,0,0,17,19,11,320,320,28,35.1,,,,,,,,
2017-12-29,12.3,0,0,0,16,23,12,290,310,21.9,25.1,,,,,,,,
2017-12-30,9.17,0.03,0.6,0,20,23,17,280,290,21,27.1,1,,,,,,,
2017-12-31,18.57,0,0,0,17,21,9,310,310,31.1,38.9,,,,,,,,
2018-01-01,17.67,0,0,0,12,18,7,310,310,29.1,34,,,,,,,,
2018-01-02,15.66,0,0,0,18,26,13,260,270,23,29.1,,,,,,,,
2018-01-03,8.28,0,0,0,21,28,12,260,270,19.9,23,,,,,,,,
2018-01-04,28.19,0.49,8,1.2,25,29,19,340,330,44.1,55,1,1,,,,,,1
2018-01-05,25.05,0,0,7.9,15,19,9,290,290,36,46.1,,,,,,,,1
2018-01-06,22.15,0,0,7.9,11,14,7,300,270,31.1,38.9,,,,,,,,
2018-01-07,13.87,0,0,7.9,9,18,4,320,320,23.9,31.1,,,,,,,,
2018-01-08,13.42,0.02,0,7.9,22,32,17,230,220,23,25.9,,,,1,,1,,
2018-01-09,13.42,0,0,7.1,34,43,26,310,310,25.9,30,,,,,,,,
2018-01-10,4.92,0,0,5.1,32,39,21,170,130,8.9,12.1,,,,,,,,
2018-01-11,2.91,0,0,3.1,41,48,37,190,180,13,16.1,1,,,,,,,
2018-01-12,16.11,0.45,0,1.2,47,54,42,170,170,29.1,38,1,1,,,,,,
2018-01-13,20.58,0.08,0,0,41,53,20,180,180,33.1,40,1,1,,,,,,
2018-01-14,15.66,0,0,0,20,25,15,330,10,23,27.1,,,,,,,,
2018-01-15,11.86,0,0,0,22,30,17,30,40,19.9,23.9,,,,,,,,
2018-01-16,6.26,0,0,0,29,39,21,30,90,10.1,12.1,,,,,,,,
2018-01-17,11.41,0.22,0.2,0,35,37,23,320,320,19.9,23,1,,,,,,,
2018-01-18,14.99,0,0,0,26,34,19,330,330,21,27.1,,,,,,,,
2018-01-19,10.29,0,0,0,30,38,22,260,260,16.1,19.9,,,,,,,,
2018-01-20,13.42,0,0,0,40,54,29,270,270,25.1,31.1,,,,,,,,
2018-01-21,6.71,0,0,0,41,51,30,340,330,14.1,17,,,,,,,,
2018-01-22,5.37,0,0,0,44,52,40,80,90,16.1,19.9,1,1,,,,,,
2018-01-23,14.09,0.22,0,0,46,54,40,210,210,30,36.9,1,1,1,,,,,
2018-01-24,17.22,0,0,0,42,44,27,310,290,25.1,32,,,,,,,,
2018-01-25,15.43,0,0,0,29,35,23,320,310,23.9,31.1,,,,,,,,
2018-01-26,8.5,0,0,0,30,36,24,200,190,16.1,19,,,,,,,,
2018-01-27,11.86,0,0,0,38,49,31,190,190,21.9,25.9,,,,,,,,
2018-01-28,5.14,0.26,0,0,46,50,42,190,190,15,19,1,,,,,,,
2018-01-29,15.21,0,0.1,0,42,44,32,40,50,21.9,28,1,,,,,,,
2018-01-30,15.21,0.1,1.4,1.2,33,36,24,320,330,29.1,36.9,1,,,,,,,
2018-01-31,13.87,0,0,0,25,32,18,210,210,23.9,29.1,,,,,,,,
2018-02-01,8.28,0.05,0,0,35,41,31,210,210,16.1,19.9,1,,,,,,,
2018-02-02,20.13,0.21,0,0,33,40,17,310,320,35.1,44.1,1,,,,,,,
2018-02-03,15.66,0,0,0,22,30,16,310,310,29.1,38,,,,,,,,
2018-02-04,10.29,0.96,0,0,35,47,30,320,330,21.9,23.9,1,,,,,,,
2018-02-05,15.43,0,0,0,38,43,23,310,310,32,38.9,1,,,,,,,
2018-02-06,5.82,0,0,0,30,36,25,270,220,13,14.1,,,,,,,,
2018-02-07,12.53,0.84,0.3,0,33,46,27,310,310,35.1,46.1,1,,,1,,1,,
2018-02-08,13.42,0,0,0,33,34,26,330,330,28,35.1,,,,,,,,
2018-02-09,10.07,0,0,0,29,38,24,180,180,21.9,25.9,,,,,,,,
2018-02-10,4.47,0.27,0,0,41,49,35,270,270,12.1,17,1,1,,,,,,
2018-02-11,8.95,1.13,0,0,47,51,44,190,190,25.1,31.1,1,1,,,,,,
2018-02-12,14.76,0,0,0,46,58,33,320,330,25.9,32,1,1,,,,,,
2018-02-13,9.84,0,0,0,32,36,25,350,360,23,28,,,,,,,,
2018-02-14,8.95,0.06,0,0,37,47,33,190,190,16.1,19,1,,,,,,,
2018-02-15,5.82,0.15,0,0,45,52,41,200,230,13,14.1,1,,,,,,,
2018-02-16,13.42,0.11,0,0,51,59,36,330,330,36,42.9,1,1,,,,,,
2018-02-17,9.62,0.48,2.2,0,35,38,28,310,300,21,23.9,1,,,,,,,
2018-02-18,10.74,0.02,0.1,2,37,45,32,330,310,32,40,1,,,,,,,
2018-02-19,8.5,0.01,0,0,39,47,30,170,160,16.1,19,1,1,,,,,,
2018-02-20,6.93,0,0,0,49,64,43,250,230,16.1,21,1,1,,,,,,
2018-02-21,8.95,0.03,0,0,51,65,44,330,340,19.9,23,1,1,,,,,,
2018-02-22,13.87,0.11,0,0,49,58,37,50,40,23,30,1,,,,,,,
2018-02-23,8.95,0.12,0,0,38,40,36,100,100,16.1,21,1,,,,,,,
2018-02-24,9.4,0.08,0,0,45,54,40,40,40,17,21,1,,,,,,,
2018-02-25,11.63,1.3,0,0,44,45,41,80,90,25.9,36,1,,,,,,,
2018-02-26,8.72,0,0,0,45,52,39,330,330,21,31.1,1,,,,,,,
2018-02-27,11.63,0,0,0,45,54,36,190,180,21,25.9,,,,,,,,
2018-02-28,8.5,0,0,0,43,53,36,200,190,15,18.1,,,,,,,,
2018-03-01,8.72,0.57,0,0,49,58,41,80,60,23,29.1,1,,,,,,,
2018-03-02,29.97,2.16,0,0,41,45,34,330,340,51,66,1,,,1,,,,
2018-03-03,28.41,0,0,0,40,48,36,350,340,38.9,51,,,,,,,,
2018-03-04,21.7,0,0,0,41,45,34,360,20,30,38.9,,,,,,,,
2018-03-05,19.46,0,0.1,0,37,42,32,350,340,29.1,34,,,,,,,,
2018-03-06,10.29,0,0,0,37,43,30,110,110,18.1,23,,,,,,,,
2018-03-07,18.57,1.02,2.8,0,36,37,32,360,360,36,47,1,1,,,,,,
2018-03-08,15.21,0,0,1.2,36,41,33,270,270,21.9,25.9,1,,,,,,,
2018-03-09,18.79,0,0,0,36,44,30,270,290,30,36.9,,,,,,,,
2018-03-10,16.33,0,0,0,36,42,32,270,270,23.9,30,,,,,,,,
2018-03-11,11.63,0,0,0,38,46,32,300,320,23,28,,,,,,,,
2018-03-12,13.42,0.03,0,0,38,45,30,60,60,23.9,30,,,,,,,,
2018-03-13,20.13,0.21,1.2,1.2,36,42,33,310,310,31.1,38,1,,,,,,,
2018-03-14,22.59,0,0,0,35,42,31,270,270,32,38.9,,,,,,,,
2018-03-15,19.69,0,0,0,38,48,32,260,290,28,35.1,,,,,,,,
2018-03-16,20.58,0,0,0,37,41,31,310,320,33.1,40,,,,,,,,
2018-03-17,16.55,0,0,0,36,50,27,270,270,28,34,,,,,,,,
2018-03-18,13.2,0,0,0,36,44,28,330,330,28,33.1,,,,,,,,
2018-03-19,6.93,0,0,0,38,47,29,320,10,16.1,21,,,,,,,,
2018-03-20,11.86,0.03,0,0,34,37,30,50,50,21.9,27.1,,,,1,,,,
2018-03-21,19.01,0.88,8.4,0,35,38,31,40,40,32,40,1,,,1,,,,
2018-03-22,17.67,0.03,0.3,9.1,37,48,31,340,330,25.1,33.1,1,,,,,,,
2018-03-23,12.08,0,0,5.1,41,49,33,340,340,23,32,,,,,,,,
2018-03-24,12.97,0,0,2,42,51,35,330,330,19.9,25.1,,,,,,,,
2018-03-25,13.2,0,0,0,40,45,32,50,60,23,29.1,,,,,,,,
2018-03-26,8.95,0,0,0,38,47,29,50,60,21,25.9,,,,,,,,
2018-03-27,6.26,0,0,0,36,42,30,70,70,13,17,,,,,,,,
2018-03-28,7.38,0.03,0,0,41,49,37,210,210,16.1,18.1,1,,,,,,,
2018-03-29,5.59,0.03,0,0,46,49,44,100,100,15,18.1,1,1,,,,,,
2018-03-30,13.87,0.09,0,0,49,62,43,320,330,23.9,31.1,1,,,,,,,
2018-03-31,15.88,0,0,0,45,52,37,190,190,25.1,32,,,,,,,,
2018-04-01,12.75,0,0,0,48,63,41,190,190,23.9,28,,,,,,,,
2018-04-02,9.4,0.33,3.7,2,39,42,32,20,360,18.1,21.9,1,,,,,,,
2018-04-03,8.05,0.14,0,0,39,42,34,110,130,17,19.9,1,,,,,,,
2018-04-04,17.45,0.17,0,0,46,57,40,270,270,38,52.1,1,1,,,,,,
2018-04-05,18.34,0,0,0,41,46,33,270,300,29.1,38,,,,,,,,
2018-04-06,12.08,0.08,0,0,41,53,32,190,190,30,35.1,1,,,,,,,
2018-04-07,12.97,0,0,0,44,48,37,320,310,25.1,30,,,,,,,,
2018-04-08,17.67,0,0,0,38,46,32,300,290,29.1,38,,,,,,,,
2018-04-09,12.53,0,0,0,37,45,30,180,190,21.9,25.9,,,,,,,,
2018-04-10,10.51,0.01,0,0,42,51,37,330,300,19.9,28,1,,,,,,1,
2018-04-11,10.29,0,0,0,42,49,31,180,180,21,23,,,,,,,,
2018-04-12,13.87,0,0,0,46,54,40,190,190,31.1,38,,,,,,,,
2018-04-13,12.75,0,0,0,56,70,48,190,170,21,25.1,,,,,,,,
2018-04-14,12.3,0,0,0,55,67,45,80,90,32,40.9,1,,,,,,1,
2018-04-15,20.36,0.25,0,0,43,45,38,70,60,28,36,1,,,,,,,
2018-04-16,24.16,1.53,0,0,47,57,40,120,120,40.9,50.1,1,,1,,,,,
2018-04-17,17.9,0,0,0,45,48,39,270,290,25.9,33.1,,,,,,,,
2018-04-18,14.99,0,0,0,44,53,37,230,260,23,28,,,,,,,,
2018-04-19,14.09,0.15,0,0,45,48,38,310,300,29.1,36.9,1,,,,,,,
2018-04-20,18.79,0,0,0,43,52,36,320,310,28,34,,,,,,,,
2018-04-21,11.63,0,0,0,47,61,38,190,200,23,28,,,,,,,,
2018-04-22,10.51,0,0,0,51,61,41,190,190,23,27.1,,,,,,,,
2018-04-23,8.28,0,0,0,50,61,39,130,130,18.1,21,,,,,,,,
2018-04-24,12.3,0,0,0,51,62,41,140,140,23,28,1,,,,,,,
2018-04-25,11.63,0.34,0,0,54,57,51,100,100,25.1,34,1,1,,,,,,
2018-04-26,12.53,0.04,0,0,58,68,51,310,320,23,29.1,1,,,,,,,
2018-04-27,8.5,0.12,0,0,54,56,48,90,100,21.9,28,1,,,,,,,
2018-04-28,9.62,0.01,0,0,52,60,45,300,300,19.9,23,1,1,,,,,1,
2018-04-29,14.76,0.13,0,0,54,59,47,320,320,25.9,32,1,,,,,,,
2018-04-30,16.11,0,0,0,49,53,46,330,320,32,40,,,,,,,,
2018-05-01,10.51,0,0,0,58,76,47,320,320,21.9,28,,,,,,,,
2018-05-02,11.41,0,0,0,67,83,53,230,250,21,28,,,,,,,,
2018-05-03,11.41,0,0,0,70,84,59,320,320,21.9,27.1,,,,,,,,
2018-05-04,12.53,0,0,0,68,78,58,190,280,28,35.1,1,,,,,,,
2018-05-05,14.32,0,0,0,66,76,56,330,330,25.9,34,,,,,,,,
2018-05-06,7.38,0,0,0,60,66,56,30,50,18.1,21.9,,,,,,,,
2018-05-07,8.5,0,0,0,61,73,52,140,140,16.1,19.9,,,,,,,,
2018-05-08,6.71,0,0,0,58,67,50,140,,15,,,,,,,,,
2018-05-09,6.49,0,0,0,56,63,49,150,,14.1,,1,1,,,,,,
2018-05-10,8.28,0.01,0,0,56,62,53,180,170,23,29.1,1,1,1,,,,,
2018-05-11,11.41,0,0,0,65,74,58,330,330,18.1,28,,,,,,,,
2018-05-12,8.05,0.25,0,0,60,65,52,120,130,16.1,18.1,1,,,,,,,
2018-05-13,8.05,0.16,0,0,53,54,51,100,100,17,21.9,1,,,,,,,
2018-05-14,7.16,0.12,0,0,55,64,51,170,170,15,18.1,1,1,,,,,,
2018-05-15,10.96,0.44,0,0,63,76,56,290,290,44.1,55,1,1,1,,,,,
2018-05-16,10.07,0.33,0,0,62,65,56,90,100,21.9,29.1,1,,,,,,,
2018-05-17,5.37,0.72,0,0,59,67,55,30,30,14.1,16.1,1,,,,,,,
2018-05-18,12.08,0,0,0,61,64,55,60,60,23.9,33.1,1,1,,,,,,
2018-05-19,8.95,0.75,0,0,54,57,50,80,90,21,25.9,1,1,,,,,,
2018-05-20,12.97,0,0,0,67,83,57,340,320,23,32,1,1,,,,,,
2018-05-21,9.62,0,0,0,67,73,57,360,360,19.9,23.9,,,,,,,,
2018-05-22,5.59,0.17,0,0,60,65,56,170,170,14.1,16.1,1,,,,,,,
2018-05-23,8.72,0.2,0,0,66,82,57,340,310,18.1,23.9,1,,1,,,,,
2018-05-24,11.41,0,0,0,74,82,61,190,190,23,29.1,,,,,,,,
2018-05-25,12.75,0,0,0,69,82,60,230,240,21,25.1,,,,,,,,
2018-05-26,8.5,0,0,0,73,81,67,190,190,19.9,23,,,,,,,,
2018-05-27,13.42,0.89,0,0,65,71,55,50,60,25.9,32,1,,1,,,,,
2018-05-28,7.61,0,0,0,57,63,54,170,180,15,19,,,,,,,,
2018-05-29,8.05,0,0,0,66,79,60,190,190,15,17,,,,,,,,
2018-05-30,8.05,0,0,0,64,69,57,130,120,17,21,1,1,,,,,,
2018-05-31,6.71,0.03,0,0,63,67,60,140,110,14.1,17,1,1,,,,,,
2018-06-01,4.7,1.18,0,0,67,75,63,160,160,10.1,13,1,1,,,,,,
2018-06-02,10.07,0,0,0,75,86,64,90,80,23,29.1,1,,1,,,,,
2018-06-03,15.88,0.11,0,0,63,64,51,100,100,25.1,32,1,,,,,,,
2018-06-04,8.5,0.61,0,0,57,71,51,10,20,17,23.9,1,,,,,,,
2018-06-05,9.84,0,0,0,64,76,53,270,260,21,28,1,,,,,,,
2018-06-06,8.72,0,0,0,63,71,56,30,30,16.1,19.9,,,,,,,,
2018-06-07,8.95,0,0,0,60,66,58,150,150,17,19,,,,,,,,
2018-06-08,9.4,0,0,0,65,74,58,190,180,18.1,21.9,,,,,,,,
2018-06-09,6.49,0,0,0,71,79,65,140,10,13,18.1,,,,,,,,
2018-06-10,6.04,0.02,0,0,68,72,57,60,30,14.1,17,,,,,,,,
2018-06-11,8.05,0.02,0,0,62,69,56,110,130,18.1,21.9,,,,,,,,
2018-06-12,10.51,0,0,0,61,69,52,180,180,23,28,,,,,,,,
2018-06-13,11.18,0.04,0,0,65,73,62,230,220,19.9,25.9,1,,,,,,,
2018-06-14,17.22,0,0,0,76,85,68,270,250,25.1,35.1,,,,,,,,
2018-06-15,12.3,0,0,0,71,77,61,310,310,25.1,32,,,,,,,,
2018-06-16,10.07,0,0,0,71,82,60,200,200,21,23.9,,,,,,,,
2018-06-17,8.5,0,0,0,74,87,63,180,180,16.1,21,,,,,,,,
2018-06-18,13.87,0.43,0,0,73,80,67,250,260,35.1,44.1,1,,1,,,,,
2018-06-19,10.07,0.02,0,0,80,89,72,270,270,23,27.1,,,,,,,1,
2018-06-20,8.5,0.01,0,0,73,78,67,180,180,18.1,21.9,1,,,,,,,
2018-06-21,7.83,0.28,0,0,72,82,66,20,10,16.1,21,1,,,,,,,
2018-06-22,11.18,0.04,0,0,68,71,63,120,130,21,25.1,1,,,,,,,
2018-06-23,8.05,0,0,0,65,67,63,50,90,16.1,21.9,,,,,,,,
2018-06-24,9.62,0.17,0,0,69,77,65,20,190,21,25.1,1,,1,,,,,
2018-06-25,11.41,0,0,0,75,82,65,330,330,25.1,34,,,,,,,,
2018-06-26,11.63,0,0,0,68,73,61,180,190,18.1,23.9,,,,,,,,
2018-06-27,12.53,0.02,0,0,69,73,63,180,150,21,25.9,1,,,,,,,
2018-06-28,11.18,0.93,0,0,72,80,70,170,170,23.9,31.1,1,,1,,,,,
2018-06-29,8.95,0,0,0,78,91,70,230,290,18.1,23,,,,,,,,
2018-06-30,6.93,0,0,0,82,88,70,190,190,15,18.1,,,,,,,,
2018-07-01,6.71,0,0,0,82,94,73,180,180,13,16.1,,,,,,,,
2018-07-02,6.93,0,0,0,82,91,74,160,150,16.1,19.9,,,,,,,,
2018-07-03,6.49,0.01,0,0,78,86,74,170,180,14.1,17,1,1,,,,,,
2018-07-04,6.71,0,0,0,79,86,75,160,160,14.1,15,1,,,,,,,
2018-07-05,12.75,0,0,0,79,86,75,180,180,28,33.1,,,,,,,,
2018-07-06,13.2,0.11,0,0,78,84,69,360,360,30,36.9,1,,1,,,,,
2018-07-07,10.07,0,0,0,71,75,61,360,360,25.1,34,,,,,,,,
2018-07-08,6.71,0,0,0,69,78,59,170,190,13,17,,,,,,,,
2018-07-09,11.41,0,0,0,72,83,64,180,180,21.9,25.9,,,,,,,,
2018-07-10,9.62,0,0,0,77,89,67,180,190,18.1,21.9,,,,,,,,
2018-07-11,10.07,0,0,0,78,88,70,360,360,18.1,23,,,,,,,,
2018-07-12,7.16,0,0,0,74,83,68,160,320,13,17,,,,,,,,
2018-07-13,9.84,0,0,0,74,81,65,180,170,17,19.9,,,,,,,,
2018-07-14,12.08,0.28,0,0,76,85,67,330,330,33.1,40.9,1,,1,,,,,
2018-07-15,9.17,0.6,0,0,75,82,69,300,300,17,21,1,,1,,,,,
2018-07-16,11.18,0,0,0,78,87,73,180,170,23.9,30,1,,,,,,1,
2018-07-17,10.51,0.68,0,0,76,83,71,330,340,25.1,33.1,1,,1,,,,,
2018-07-18,12.75,0,0,0,76,87,68,360,360,23.9,29.1,,,,,,,,
2018-07-19,8.72,0,0,0,75,81,66,170,170,14.1,16.1,,,,,,,,
2018-07-20,8.5,0,0,0,74,80,66,150,150,16.1,19.9,,,,,,,,
2018-07-21,14.32,0.58,0,0,72,77,66,90,70,28,36,1,,,,,,,
2018-07-22,19.01,0.93,0,0,73,78,71,90,100,33.1,44.1,1,,,,,,,
2018-07-23,16.78,0.07,0,0,75,79,73,140,150,23.9,33.1,1,,,,,,,
2018-07-24,17.22,0,0,0,77,83,74,140,150,23,31.1,,,,,,,,
2018-07-25,15.66,0.3,0,0,76,81,72,160,160,25.1,32,1,,,,,,,
2018-07-26,10.96,0,0,0,77,85,72,180,210,17,21,,,,,,,,
2018-07-27,7.61,1.17,0,0,78,86,69,260,260,33.1,40,1,,1,,,,,
2018-07-28,6.71,0,0,0,76,85,71,190,190,17,19.9,,,,,,,,
2018-07-29,11.41,0,0,0,77,83,71,200,200,18.1,21.9,,,,,,,,
2018-07-30,6.04,0.02,0,0,75,81,69,210,200,18.1,23,1,,,,,,,
2018-07-31,7.83,0,0,0,73,79,67,140,140,15,18.1,,,,,,,,
2018-08-01,15.43,0.02,0,0,78,84,75,190,190,28,35.1,,,,,,,,
2018-08-02,14.32,0.02,0,0,80,85,76,190,180,29.1,34,1,,,,,,,
2018-08-03,11.18,0.05,0,0,78,84,73,200,200,25.1,30,1,,1,,,,,
2018-08-04,10.96,0.17,0,0,77,86,73,200,200,21,25.1,1,,,,,,,
2018-08-05,7.83,0,0,0,81,88,73,200,200,17,23,,,,,,,,
2018-08-06,10.74,0,0,0,82,89,75,190,190,21.9,25.9,,,,,,,,
2018-08-07,12.3,0.74,0,0,80,85,72,310,300,28,33.1,1,,1,,,,,
2018-08-08,9.62,0.01,0,0,78,85,73,190,190,21,23.9,1,,,,,,,
2018-08-09,9.62,0.3,0,0,82,90,74,310,300,21.9,27.1,1,,1,,,,,
2018-08-10,8.28,0,0,0,80,86,69,230,220,21.9,25.9,,,,,,,,
2018-08-11,7.61,0.33,0,0,75,79,70,290,290,21.9,25.9,1,,1,,,,,
2018-08-12,6.49,1.84,0,0,76,83,71,70,50,19.9,30,1,1,1,,,,,
2018-08-13,9.17,0.6,0,0,74,77,71,40,40,16.1,21.9,1,,,,,,,
2018-08-14,9.62,0.14,0,0,75,82,70,230,240,21,23.9,1,,1,,,,,
2018-08-15,11.41,0,0,0,78,89,71,300,310,17,25.9,,,,,,,,
2018-08-16,9.4,0,0,0,82,89,74,200,210,17,21,,,,,,,,
2018-08-17,11.41,0.03,0,0,80,85,74,180,180,23.9,31.1,1,,1,,,,,
2018-08-18,10.29,0.14,0,0,79,86,71,240,240,23,28,1,,1,,,,,
2018-08-19,11.41,0.02,0,0,71,73,67,40,50,21.9,29.1,,,,,,,,
2018-08-20,7.16,0,0,0,70,74,67,30,30,16.1,19,,,,,,,,
2018-08-21,10.07,0,0,0,70,76,64,120,130,16.1,21,,,,,,,,
2018-08-22,13.2,0.26,0,0,77,86,71,280,270,25.1,30,1,,,,,,,
2018-08-23,11.18,0.01,0,0,74,80,66,330,330,19.9,25.1,,,,,,,,
2018-08-24,6.49,0,0,0,74,81,62,170,170,16.1,18.1,,,,,,,,
2018-08-25,6.49,0,0,0,73,79,64,120,140,13,17,,,,,,,,
2018-08-26,11.41,0,0,0,73,81,66,180,190,21,25.9,,,,,,,,
2018-08-27,8.72,0,0,0,79,87,73,190,190,17,19,,,,,,,,
2018-08-28,10.29,0,0,0,82,90,76,190,190,21,23.9,1,,,,,,1,
2018-08-29,9.84,0,0,0,84,92,73,240,250,16.1,19.9,,,,,,,,
2018-08-30,10.51,0,0,0,83,92,77,330,320,18.1,23,1,,,,,,,
2018-08-31,13.65,0,0,0,76,77,71,90,100,21,25.9,1,,,,,,,
2018-09-01,8.72,0.01,0,0,72,77,68,90,100,16.1,19.9,,,,,,,,
2018-09-02,7.38,0,0,0,72,80,64,180,160,14.1,18.1,,,,,,,,
2018-09-03,9.84,0,0,0,78,84,75,190,190,17,21,,,,,,,,
2018-09-04,6.49,0,0,0,83,93,76,210,20,13,16.1,,,,,,,,
2018-09-05,8.28,0,0,0,80,87,74,160,140,14.1,17,1,,,,,,,
2018-09-06,10.51,0.69,0,0,80,89,73,20,20,25.9,32,1,,1,,,,,
2018-09-07,8.95,0,0,0,74,77,70,10,60,14.1,18.1,,,,,,,,
2018-09-08,12.08,0.04,0,0,69,72,62,30,30,19.9,25.1,1,,,,,,,
2018-09-09,12.53,0.44,0,0,61,63,56,60,60,18.1,23.9,1,,,,,,,
2018-09-10,14.54,1.25,0,0,60,65,56,80,70,25.1,34,1,,,,,,,
2018-09-11,4.03,0.27,0,0,68,76,64,40,30,8.9,11,1,1,,,,,,
2018-09-12,3.8,0.04,0,0,74,79,71,90,100,12.1,14.1,1,1,,,,,,
2018-09-13,9.17,0.11,0,0,72,78,69,60,60,14.1,18.1,1,,,,,,,
2018-09-14,9.17,0,0,0,71,78,67,110,120,17,21,,,,,,,,
2018-09-15,5.37,0,0,0,71,79,65,150,140,12.1,15,,,,,,,,
2018-09-16,5.37,0,0,0,72,80,64,190,190,13,16.1,,,,,,,,
2018-09-17,8.95,0,0,0,72,79,65,160,160,18.1,25.1,,,,,,,,
2018-09-18,12.3,0.67,0,0,75,81,70,190,190,23.9,30,1,,1,,,,,
2018-09-19,9.84,0,0,0,74,84,67,30,50,17,21.9,,,,,,,,
2018-09-20,6.93,0,0,0,68,73,64,60,70,14.1,18.1,,,,,,,,
2018-09-21,14.76,0,0,0,69,73,67,190,190,23.9,29.1,,,,,,,,
2018-09-22,12.75,0,0,0,72,75,63,340,330,25.9,34,,,,,,,,
2018-09-23,6.04,0.04,0,0,63,69,61,60,10,10.1,13,1,,,,,,,
2018-09-24,13.42,0,0,0,63,71,57,100,100,25.1,33.1,,,,,,,,
2018-09-25,14.99,0.81,0,0,65,73,58,110,120,28,35.1,1,,,,,,,
2018-09-26,13.42,0.36,0,0,73,79,64,190,180,21,27.1,1,,1,,,,,
2018-09-27,12.75,0,0,0,69,75,61,120,360,19.9,28,,,,,,,,
2018-09-28,10.51,1.26,0,0,62,65,56,20,10,23.9,31.1,1,,,,,,,
2018-09-29,7.61,0,0,0,65,76,58,350,350,15,19,,,,,,,,
2018-09-30,7.61,0,0,0,63,70,54,200,190,13,16.1,,,,,,,,
2018-10-01,10.74,0,0,0,68,75,63,180,190,17,21,,,,,,,,
2018-10-02,12.75,0.33,0,0,70,77,65,270,270,32,40,1,,1,,,,,
2018-10-03,8.72,0,0,0,70,78,63,310,320,17,23,,,1,,,,,
2018-10-04,7.38,0.04,0,0,67,75,59,190,190,18.1,21.9,1,,,,,,,
2018-10-05,10.51,0,0,0,67,71,61,10,360,21.9,27.1,,,,,,,,
2018-10-06,9.62,0,0,0,64,69,63,200,190,16.1,19,,,,,,,,
2018-10-07,7.61,0,0,0,71,80,69,200,210,15,18.1,,,,,,,,
2018-10-08,10.51,0,0,0,67,71,64,100,90,17,23,1,,,,,,,
2018-10-09,6.71,0,0,0,69,74,67,200,200,13,17,,,,,,,,
2018-10-10,8.05,0,0,0,70,77,66,180,180,16.1,19.9,1,1,,,,,,
2018-10-11,10.96,1.03,0,0,72,76,67,190,190,32,38,1,,1,,,,,
2018-10-12,18.34,0.77,0,0,64,70,51,360,10,32,44.1,1,,,,,,,
2018-10-13,8.5,0.05,0,0,53,58,48,300,300,17,23,,,,,,,,
2018-10-14,6.71,0,0,0,53,59,46,240,230,15,21,,,,,,,,
2018-10-15,12.53,0.07,0,0,59,68,52,300,290,30,38,1,,,,,,,
2018-10-16,16.11,0.01,0,0,56,62,47,330,330,28,36,1,,,,,,,
2018-10-17,18.57,0,0,0,55,63,47,300,320,31.1,38,,,,,,,,
2018-10-18,15.21,0,0,0,48,52,41,330,330,29.1,36,,,,,,,,
2018-10-19,13.87,0,0,0,50,60,41,210,220,23.9,30,,,,,,,,
2018-10-20,14.09,0.08,0,0,58,63,52,270,270,21.9,27.1,1,,,,,,,
2018-10-21,19.69,0.01,0,0,49,53,40,310,320,35.1,42.1,1,,,,,,,
2018-10-22,11.18,0,0,0,44,52,39,240,230,21,23.9,,,,,,,,
2018-10-23,11.86,0,0,0,54,63,47,320,320,25.9,36,,,,,,,,
2018-10-24,17,0,0,0,51,56,44,330,340,28,35.1,,,,,,,,
2018-10-25,13.42,0,0,0,47,53,40,320,320,23.9,30,,,,,,,,
2018-10-26,5.59,0.03,0,0,43,49,36,70,70,18.1,23,,,,,,,,
2018-10-27,20.58,0.84,0,0,48,58,43,50,60,35.1,42.9,1,,,,,,1,
2018-10-28,11.86,0.05,0,0,50,54,46,250,,16.1,,1,,,,,,,
2018-10-29,15.88,0.01,0,0,53,58,47,300,250,23.9,31.1,,,,,,,,
2018-10-30,12.3,0,0,0,50,57,43,310,310,23,29.1,,,,,,,,
2018-10-31,9.62,0,0,0,51,63,38,180,190,25.1,31.1,,,,,,,,
2018-11-01,10.51,0,0,0,58,66,51,180,190,23,29.1,,,,,,,,
2018-11-02,20.58,0.06,0,0,63,66,62,180,180,30,36.9,1,1,,,,,,
2018-11-03,17.9,0.24,0,0,59,64,49,270,270,35.1,45,1,,,,,,,
2018-11-04,6.93,0,0,0,50,57,43,330,320,15,18.1,,,,,,,,
2018-11-05,12.53,0.27,0,0,49,55,44,100,100,21,27.1,1,,,,,,,
2018-11-06,8.5,0.49,0,0,53,61,50,300,290,23,33.1,1,1,,,,,,
2018-11-07,14.99,0,0,0,57,63,50,220,270,21.9,28,,,,,,,,
2018-11-08,10.51,0,0,0,53,58,43,290,280,21,28,,,,,,,,
2018-11-09,10.51,0.86,0,0,47,52,39,60,70,21,27.1,1,,,,,,,
2018-11-10,18.12,0.01,0,0,47,51,35,270,270,31.1,40,1,,,,,,,
2018-11-11,9.84,0,0,0,40,47,34,310,300,18.1,23.9,,,,,,,,
2018-11-12,3.8,0.04,0,0,41,49,30,180,180,10.1,14.1,1,,,,,,,
2018-11-13,14.09,1.16,0,0,48,58,43,320,300,25.9,33.1,1,,,,,,,
2018-11-14,17,0,0,0,40,44,32,320,300,29.1,36,,,,,,,,
2018-11-15,15.21,0.89,4.8,0,33,37,31,60,60,33.1,44.1,1,1,,1,,,,
2018-11-16,20.8,0.16,0,1.2,40,47,35,320,340,36.9,45,1,,,,,,,
2018-11-17,14.32,0,0,0,43,50,38,270,290,21,25.1,,,,,,,,
2018-11-18,6.26,0,0,0,42,44,39,340,320,16.1,21.9,,,,,,,,
2018-11-19,4.47,0,0,0,44,52,38,270,260,12.1,14.1,1,,,,,,1,
2018-11-20,10.74,0.01,0,0,46,49,38,310,300,23.9,33.1,1,,,,,,1,
2018-11-21,18.57,0,0,0,41,46,27,320,320,30,38,1,,,,,,,
2018-11-22,19.01,0,0,0,27,29,18,320,320,31.1,36.9,,,,,,,,
2018-11-23,8.28,0,0,0,22,32,15,340,340,15,19,,,,,,,,
2018-11-24,8.5,1.2,0,0,36,51,27,50,40,29.1,35.1,1,,,,,,,
2018-11-25,12.3,1.22,0,0,50,56,45,330,40,38.9,46.1,1,,,,,,,
2018-11-26,12.3,1.17,0,0,48,52,40,70,70,29.1,34,1,,,,,,,
2018-11-27,20.13,0,0,0,44,48,37,270,270,30,36.9,1,,,,,,,
2018-11-28,20.8,0,0,0,39,42,36,290,300,32,40,,,,,,,,
2018-11-29,19.01,0,0,0,42,48,38,320,310,33.1,40.9,,,,,,,,
2018-11-30,4.25,0.02,0,0,39,42,35,300,300,12.1,14.1,,,,,,,,
2018-12-01,5.59,0.06,0,0,40,46,34,100,100,14.1,17,1,,,,,,,
2018-12-02,8.05,0.87,0,0,48,55,44,110,110,18.1,21.9,1,1,,,,,,
2018-12-03,14.09,0,0,0,53,56,46,270,260,23.9,31.1,1,1,,,,,,
2018-12-04,16.33,0,0,0,42,46,30,340,310,25.1,31.1,,,,,,,,
2018-12-05,8.05,0,0,0,32,36,26,40,30,16.1,19.9,,,,,,,,
2018-12-06,14.76,0,0,0,35,40,30,240,240,25.1,32,,,,,,,,
2018-12-07,15.21,0,0,0,37,40,26,320,320,23.9,36,,,,,,,,
2018-12-08,10.74,0,0,0,30,37,24,270,260,19.9,23,,,,,,,,
2018-12-09,4.92,0,0,0,31,36,24,250,310,13,16.1,,,,,,,,
2018-12-10,9.84,0,0,0,33,40,28,10,10,21,25.9,,,,,,,,
2018-12-11,7.16,0,0,0,33,40,27,300,310,17,21.9,,,,,,,,
2018-12-12,11.41,0,0,0,36,42,30,320,310,21.9,25.9,,,,,,,,
2018-12-13,9.4,0.09,0,0,35,44,32,60,60,16.1,19,1,,,,1,,,
2018-12-14,7.61,0.11,0,0,45,51,42,120,130,15,18.1,1,,,,,,,
2018-12-15,10.51,0.15,0,0,49,52,47,60,50,31.1,36.9,1,,,,,,,
2018-12-16,18.12,1.16,0,0,44,47,37,50,40,28,36.9,1,,,,,,,
2018-12-17,18.34,0,0,0,41,49,38,310,310,36,45,1,,,,,,,
2018-12-18,21.03,0,0,0,37,41,28,320,320,38,51,,,,,,,,
2018-12-19,8.5,0,0,0,32,41,24,310,320,18.1,21,,,,,,,,
2018-12-20,6.71,0.28,0,0,38,52,30,110,110,19.9,25.1,1,,,,,,,
2018-12-21,19.01,1.73,0,0,53,57,51,180,120,31.1,42.9,1,1,,,,,,
2018-12-22,20.8,0.02,0,0,48,51,40,290,290,32,42.9,1,,,,,,,
2018-12-23,9.62,0.01,0,0,40,44,36,310,310,28,34,,,,,,,,
2018-12-24,10.07,0.07,0,0,39,44,35,270,260,23,29.1,1,,,,,,,
2018-12-25,13.42,0,0,0,38,43,32,310,320,23,29.1,,,,,,,,
2018-12-26,10.07,0,0,0,37,44,32,290,280,17,21.9,,,,,,,,
2018-12-27,8.72,0,0,0,40,44,37,330,130,17,21.9,,,,,,,,
2018-12-28,13.65,0.98,0,0,46,55,43,170,180,30,38,1,1,,,,,,
2018-12-29,15.43,0,0,0,50,54,39,310,290,29.1,38.9,1,,,,,,,
2018-12-30,5.37,0,0,0,37,39,32,330,330,19.9,23,,,,,,,,
2018-12-31,9.17,1.23,0,0,37,49,30,130,130,21.9,28,1,1,,,,,,
2019-01-01,18.34,0.11,0,0,51,59,40,320,320,33.1,40.9,1,1,,,,,,
2019-01-02,8.28,0,0,0,38,41,34,320,330,16.1,19.9,,,,,,,,
2019-01-03,11.41,0,0,0,41,46,34,320,330,25.9,32,,,,,,,,
2019-01-04,11.63,0,0,0,39,45,34,240,230,21.9,25.1,,,,,,,,
2019-01-05,11.86,0.4,0,0,44,46,41,330,330,25.9,32,1,,,,,,,
2019-01-06,18.12,0,0,0,44,51,31,320,320,38,46.1,,,,,,,,
2019-01-07,10.51,0,0,0,30,35,25,340,340,23.9,30,,,,,,,,
2019-01-08,7.83,0.17,0,0,40,46,35,270,270,15,19,1,,,1,,,,
2019-01-09,21.25,0.07,0,0,43,47,34,300,290,32,44.1,1,,,,,,,
2019-01-10,23.94,0,0,0,34,36,28,300,310,36,46.1,,,,,,,,
2019-01-11,19.01,0,0,0,28,32,22,310,320,30,36,,,,,,,,
2019-01-12,6.49,0,0,0,26,35,20,310,320,15,18.1,,,,,,,,
2019-01-13,10.51,0,0,0,29,33,24,30,30,21.9,25.9,,,,,,,,
2019-01-14,12.08,0,0,0,27,33,24,350,30,21,25.9,,,,,,,,
2019-01-15,6.71,0,0,0,29,36,23,350,350,16.1,19,,,,,,,,
2019-01-16,12.97,0,0,0,32,39,25,310,320,21.9,25.1,,,,,,,,
2019-01-17,8.05,0,0,0,31,34,25,320,330,21,23.9,,,,,,,,
2019-01-18,7.61,0.04,0.5,1.2,33,39,28,320,320,16.1,19.9,1,,,,,,,
2019-01-19,9.62,0.41,0,0,35,39,29,80,80,23.9,31.1,1,,,,,,,
2019-01-20,19.69,1.23,0,0,38,50,15,310,300,42.9,52.1,1,,,,,,,
2019-01-21,27.51,0,0,0,12,15,5,300,310,38,50.1,,,,,,,,
2019-01-22,11.41,0,0,0,19,31,14,300,300,28,34,,,,,,,,
2019-01-23,13.65,0,0,0,34,47,29,190,190,23,27.1,,,,,,,,
2019-01-24,21.25,1.37,0,0,47,54,35,180,200,36.9,46.1,1,1,,,,,,
2019-01-25,16.55,0,0,0,36,40,28,250,250,30,36,,,,,,,,
2019-01-26,9.4,0,0,0,29,33,24,270,270,21.9,25.9,,,,,,,,
2019-01-27,14.54,0,0,0,37,45,28,190,200,29.1,35.1,,,,,,,,
2019-01-28,11.18,0,0,0,32,39,23,330,330,23,25.9,,,,,,,,
2019-01-29,10.51,0.21,0,0,31,43,22,250,230,25.1,33.1,1,,,,,,,
2019-01-30,21.03,0,0.2,0,29,35,7,230,230,40.9,52.1,1,,,,,,,
2019-01-31,16.55,0,0,0,9,17,3,270,270,23.9,30,,,,,,,,
2019-02-01,9.84,0,0,0,16,22,11,300,300,21,27.1,,,,,,,,
2019-02-02,12.3,0,0,0,23,32,16,250,240,23.9,28,,,,,,,,
2019-02-03,7.38,0,0,0,35,49,25,190,190,17,19.9,1,,,,,,1,
2019-02-04,4.92,0,0,0,40,53,30,170,180,12.1,15,1,,,,,,,
2019-02-05,6.04,0,0,0,43,60,32,360,360,18.1,21.9,1,1,,,,,1,
2019-02-06,10.51,0.5,0,0,42,45,33,100,110,17,23,1,,,,,,,
2019-02-07,8.95,0.15,0,0,41,44,39,10,30,17,21,1,,,,,,,
2019-02-08,15.21,0.15,0,0,43,55,32,290,270,32,42.9,1,1,,,,,,
2019-02-09,21.03,0,0,0,31,34,24,310,310,35.1,42.9,,,,,,,,
2019-02-10,9.4,0,0,0,28,35,22,320,320,17,21,,,,,,,,
2019-02-11,6.04,0,0,0,33,37,29,220,230,14.1,16.1,1,,,,,,,
2019-02-12,14.76,0.86,1.2,0,31,37,26,90,90,25.9,35.1,1,,,1,,1,,
2019-02-13,16.55,0.03,0,1.2,37,42,33,250,270,36,45,1,,,,,,,
2019-02-14,14.09,0,0,0,37,46,33,270,270,29.1,36.9,,,,,,,,
2019-02-15,16.33,0,0,0,43,54,38,170,160,28,36,,,,,,,,
2019-02-16,16.11,0,0,0,42,52,32,320,330,25.1,30,,,,,,,,
2019-02-17,9.17,0.04,0,0,31,36,25,330,330,18.1,23,,,,,,,,
2019-02-18,14.09,0.09,0,0,36,43,26,310,310,35.1,42.1,1,,,,,,,
2019-02-19,13.65,0,0,0,29,36,23,330,300,25.1,31.1,,,,,,,,
2019-02-20,7.16,0.66,1.8,0,29,34,26,110,110,15,18.1,1,,,,,1,,
2019-02-21,12.53,0.17,0,1.2,39,51,33,330,260,18.1,23,1,,,,,,,
2019-02-22,12.75,0,0,0,43,45,37,300,330,21.9,29.1,,,,,,,,
2019-02-23,7.38,0,0,0,37,40,31,360,350,14.1,18.1,1,,,,,,,
2019-02-24,15.43,0.9,0,0,42,47,38,270,270,40.9,51,1,1,,,,,,
2019-02-25,29.3,0,0,0,41,44,28,270,270,44.1,55.9,,,,,,,,
2019-02-26,17.67,0,0,0,31,39,26,300,300,30,38,,,,,,,,
2019-02-27,8.28,0,0,0,26,30,24,320,340,21.9,25.1,1,,,,,1,,
2019-02-28,12.08,0.01,0.1,0,31,37,27,340,340,21.9,30,1,,,,,1,,
2019-03-01,9.62,0.03,0.4,0,31,37,27,40,40,14.1,18.1,1,,,,,,,
2019-03-02,10.51,0.56,3.2,3.1,34,40,31,260,20,16.1,19.9,1,,,1,,,,
2019-03-03,8.05,0.57,1.8,1.2,38,43,32,340,330,16.1,23,1,,,1,,,,
2019-03-04,15.43,0.44,0.7,2,35,39,29,310,300,23,28,1,,,1,,,,
2019-03-05,14.09,0,0,1.2,28,33,20,330,330,25.1,31.1,,,,,,,,
2019-03-06,17.9,0,0,1.2,24,28,19,290,280,25.9,32,,,,,,,,
2019-03-07,13.42,0,0,0,25,33,18,280,260,23.9,30,,,,,,,,
2019-03-08,5.82,0,0,0,29,37,22,230,170,12.1,13,,,,,,,,
2019-03-09,7.38,0,0,0,38,47,33,200,190,14.1,16.1,,,,,,,,
2019-03-10,12.3,0.87,0,0,39,44,35,90,100,29.1,42.9,1,,,1,,,,
2019-03-11,16.78,0,0,0,47,54,39,330,330,33.1,42.9,,,,,,,,
2019-03-12,18.34,0,0,0,41,45,34,300,330,30,38,,,,,,,,
2019-03-13,7.83,0,0,0,36,42,29,180,190,17,19.9,,,,,,,,
2019-03-14,12.08,0,0,0,44,52,38,170,170,23,33.1,,,,,,,,
2019-03-15,17.22,0.16,0,0,49,59,47,180,180,25.9,33.1,1,,,,,,,
2019-03-16,20.8,0,0,0,50,57,37,290,290,30,38,,,,,,,,
2019-03-17,13.2,0,0,0,39,45,33,300,290,23,31.1,,,,,,,,
2019-03-18,7.83,0,0,0,37,45,28,200,320,17,23.9,,,,,,,,
2019-03-19,9.62,0,0,0,39,50,32,240,210,21,27.1,,,,,,,,
2019-03-20,8.5,0,0,0,40,50,31,170,,17,,,,,,,,,
2019-03-21,14.32,0.63,0,0,44,48,41,70,80,30,42.1,1,,,,,,,
2019-03-22,22.15,0.59,0,0,45,51,39,290,290,36,47,1,,,,,,,
2019-03-23,24.61,0,0,0,41,50,35,290,300,36.9,48.1,,,,,,,,
2019-03-24,12.3,0,0,0,45,58,37,220,230,21.9,25.9,,,,,,,,
2019-03-25,9.62,0,0,0,51,54,42,350,360,19.9,25.9,,,,,,,,
2019-03-26,15.21,0,0,0,42,48,32,30,30,29.1,32,,,,,,,,
2019-03-27,9.4,0,0,0,38,42,32,160,10,16.1,21,,,,,,,,
2019-03-28,12.53,0,0,0,40,48,33,170,180,23,29.1,,,,,,,,
2019-03-29,7.16,0,0,0,47,56,44,190,200,13,16.1,,,,,,,,
2019-03-30,15.43,0,0,0,51,57,47,170,170,28,36.9,,,,,,,,
2019-03-31,19.24,0.11,0,0,50,56,39,320,300,32,38.9,1,,,,,,,
2019-04-01,16.78,0,0,0,40,47,32,290,300,30,38,,,,,,,,
2019-04-02,11.63,0.05,0,0,40,49,31,120,110,21,25.1,,,,,,,,
2019-04-03,19.91,0.01,0,0,50,66,40,270,270,33.1,45,,,,,,,,
2019-04-04,13.2,0,0,0,53,61,42,300,300,28,36,,,,,,,,
2019-04-05,10.29,0.23,0,0,42,43,38,40,30,19.9,21.9,1,,,,,,,
2019-04-06,8.05,0,0,0,47,63,40,310,310,17,21,1,,,,,,,
2019-04-07,10.29,0,0,0,54,59,45,180,170,21,25.9,,,,,,,,
2019-04-08,7.61,0.27,0,0,56,68,48,30,140,16.1,21,1,,,,,,,
2019-04-09,8.5,0.01,0,0,48,48,43,130,130,18.1,21.9,1,1,1,,,,,
2019-04-10,14.32,0,0,0,51,61,40,330,310,23.9,31.1,1,,,,,,,
2019-04-11,7.83,0,0,0,44,48,38,10,20,16.1,19.9,,,,,,,,
2019-04-12,14.09,0.61,0,0,51,62,45,180,180,31.1,38.9,1,,1,,,,,
2019-04-13,10.51,0.36,0,0,57,69,53,190,190,25.9,33.1,1,1,,,,,,
2019-04-14,9.62,0,0,0,56,63,51,180,180,28,35.1,1,1,,,,,,
2019-04-15,24.38,0.52,0,0,56,61,46,270,300,38.9,52.1,1,1,1,,,,,
2019-04-16,18.57,0,0,0,52,66,44,300,270,29.1,40.9,,,,,,,,
2019-04-17,9.62,0,0,0,53,57,47,170,170,17,21,,,,,,,,
2019-04-18,18.34,0,0,0,52,58,49,110,110,29.1,36.9,1,,,,,,,
2019-04-19,21.7,0.02,0,0,58,70,54,190,180,33.1,40,1,,,,,,,
2019-04-20,17.22,0.56,0,0,58,62,53,160,160,32,42.1,1,1,,,,,,
2019-04-21,9.62,0.01,0,0,55,62,51,160,160,18.1,23,,,,,,,,
2019-04-22,10.51,0.48,0,0,55,62,50,350,340,18.1,27.1,1,,,,,,,
2019-04-23,9.4,0,0,0,61,70,56,160,340,17,21,,,,,,,,
2019-04-24,12.75,0.03,0,0,63,70,53,320,320,23.9,31.1,1,,,,,,,
2019-04-25,8.28,0.03,0,0,54,58,47,40,40,15,17,,,,,,,,
2019-04-26,13.42,1.11,0,0,54,59,52,290,290,25.9,36,1,,1,,,,,
2019-04-27,18.34,0.04,0,0,55,61,47,270,260,38.9,46.1,,,,,,,,
2019-04-28,9.84,0.01,0,0,50,55,45,350,340,21.9,25.9,,,,,,,,
2019-04-29,9.84,0.04,0,0,49,55,39,170,190,17,21,1,,,,,,,
2019-04-30,5.14,0.09,0,0,51,59,48,120,100,12.1,15,1,,,,,,,
2019-05-01,8.5,0.02,0,0,52,54,49,110,120,17,21,1,,,,,,,
2019-05-02,8.95,0.18,0,0,54,70,49,90,110,23,29.1,1,1,,,,,1,
2019-05-03,5.82,0.21,0,0,52,56,49,70,70,14.1,18.1,1,1,1,,,,,
2019-05-04,6.04,0.1,0,0,56,65,53,110,100,16.1,19.9,1,1,,,,,,
2019-05-05,11.41,1.52,0,0,55,57,51,60,20,21,28,1,,,,,,,
2019-05-06,9.4,0.01,0,0,56,68,50,40,30,21,25.9,,,,,,,,
2019-05-07,10.07,0.04,0,0,56,62,51,180,180,23.9,30,,,,,,,,
2019-05-08,8.28,0,0,0,60,68,52,150,40,16.1,19.9,,,,,,,,
2019-05-09,13.87,0,0,0,54,56,50,100,100,21.9,28,,,,,,,,
2019-05-10,13.42,0.01,0,0,58,67,54,190,190,21.9,29.1,1,1,,,,,,
2019-05-11,9.84,0.02,0,0,62,70,56,330,330,21,27.1,,,,,,,,
2019-05-12,13.87,1.07,0,0,51,56,43,60,70,25.1,32,1,,,,,,,
2019-05-13,10.51,0.65,0,0,46,49,43,80,90,21,28,1,,,,,,,
2019-05-14,6.71,0.12,0,0,47,51,44,330,340,16.1,19.9,1,,,,,,,
2019-05-15,10.51,0.03,0,0,53,66,45,320,320,21,27.1,,,,,,,,
2019-05-16,8.95,0.05,0,0,60,68,52,190,190,21,23.9,,,,,,,,
2019-05-17,6.71,0.25,0,0,62,71,54,320,320,17,21.9,1,,,,,,,
2019-05-18,10.51,0,0,0,64,71,56,330,320,18.1,23.9,,,,,,,,
2019-05-19,14.32,0.14,0,0,62,69,56,180,170,31.1,42.9,1,1,,,,,,
2019-05-20,12.08,0,0,0,69,86,61,320,320,29.1,36,,,,,,,,
2019-05-21,20.58,0,0,0,68,73,58,310,310,31.1,38,,,,,,,,
2019-05-22,10.29,0,0,0,65,74,55,360,10,19.9,31.1,,,,,,,,
2019-05-23,10.51,0.41,0,0,62,69,55,250,250,19.9,25.9,1,,1,,,,,
2019-05-24,18.34,0,0,0,69,75,62,300,300,32,42.9,,,,,,,,
2019-05-25,12.3,0,0,0,62,66,53,170,180,23,27.1,,,,,,,,
2019-05-26,10.07,0.15,0,0,68,85,59,360,230,23,28,1,,1,,,,,
2019-05-27,10.29,0,0,0,73,81,64,340,300,21,27.1,,,,,,,,
2019-05-28,11.41,0.12,0,0,65,71,62,180,170,23.9,30,1,,1,,,,,
2019-05-29,8.95,0.43,0,0,64,71,56,100,90,18.1,23,1,,1,,,,,
2019-05-30,6.26,1.23,0,0,59,64,56,130,120,14.1,19,1,1,1,,,,,
2019-05-31,10.07,0,0,0,69,80,61,190,190,19.9,23.9,1,,,,,,,
2019-06-01,6.93,0,0,0,68,78,61,120,110,15,18.1,,,,,,,,
2019-06-02,8.5,0.25,0,0,68,79,62,220,220,35.1,42.1,1,,1,,,,,
2019-06-03,12.97,0,0,0,67,72,57,270,290,25.1,33.1,,,,,,,,
2019-06-04,12.75,0,0,0,62,70,55,230,180,23,28,,,,,,,,
2019-06-05,12.3,0.16,0,0,67,75,62,210,200,23.9,30,1,,,,,,,
2019-06-06,8.5,0.46,0,0,73,84,64,330,290,17,23,1,,,,,,,
2019-06-07,6.04,0,0,0,71,77,61,360,10,13,15,1,,,,,,,
2019-06-08,10.29,0,0,0,68,78,60,110,110,23,28,1,1,,,,,,
2019-06-09,11.18,0,0,0,65,74,57,100,90,19.9,25.9,,,,,,,,
2019-06-10,11.63,0.46,0,0,63,70,56,100,100,23,30,1,1,,,,,,
2019-06-11,16.33,0.2,0,0,70,79,65,330,330,28,35.1,1,1,,,,,,
2019-06-12,9.84,0,0,0,67,73,57,140,150,21,25.1,,,,,,,,
2019-06-13,10.51,0.64,0,0,62,66,57,20,40,25.9,32,1,,,,,,,
2019-06-14,15.21,0,0,0,65,75,59,260,290,25.1,33.1,,,,,,,,
2019-06-15,14.32,0,0,0,68,75,55,190,190,29.1,35.1,,,,,,,,
2019-06-16,10.51,0.12,0,0,69,76,65,230,230,17,21.9,,,,,,,,
2019-06-17,5.59,0,0,0,71,76,67,20,30,14.1,18.1,1,,,,,,,
2019-06-18,5.37,1.38,0,0,69,76,66,140,130,15,18.1,1,1,1,,,,,
2019-06-19,7.83,0.03,0,0,67,69,65,100,100,14.1,16.1,1,,,,,,,
2019-06-20,7.61,0.75,0,0,69,76,66,200,200,23.9,29.1,1,1,1,,,,,
2019-06-21,14.32,0.58,0,0,72,80,66,320,310,29.1,38,1,,1,,,,,
2019-06-22,14.99,0,0,0,73,82,63,310,300,23.9,31.1,,,,,,,,
2019-06-23,12.3,0,0,0,74,85,64,200,330,21,36.9,,,,,,,,
2019-06-24,9.62,0,0,0,75,83,63,190,190,17,21,,,,,,,,
2019-06-25,6.49,0.21,0,0,73,81,69,220,220,13,16.1,1,,1,,,,,
2019-06-26,10.29,0,0,0,76,86,69,190,190,18.1,23,1,,,,,,,
2019-06-27,6.49,0,0,0,78,91,69,240,220,17,23,,,,,,,,
2019-06-28,5.82,0,0,0,79,88,69,190,190,15,17,,,,,,,,
2019-06-29,10.51,0.03,0,0,78,89,71,260,260,23,30,1,,1,,,,,
2019-06-30,16.11,0.06,0,0,78,87,69,320,320,36.9,46.1,,,,,,,1,
2019-07-01,10.29,0,0,0,75,86,65,190,190,18.1,21.9,,,,,,,,
2019-07-02,8.05,0.03,0,0,78,89,67,230,230,17,21.9,1,,,,,,,
2019-07-03,5.59,0.06,0,0,79,86,72,190,190,14.1,16.1,,,,,,,,
2019-07-04,6.04,0,0,0,78,87,70,150,150,14.1,17,1,,,,,,,
2019-07-05,7.16,0,0,0,76,83,72,140,150,14.1,18.1,1,,,,,,,
2019-07-06,9.4,0,0,0,79,87,75,200,200,25.9,33.1,1,,1,,,,,
2019-07-07,9.62,0,0,0,78,85,70,120,130,18.1,23,,,,,,,,
2019-07-08,5.82,0.01,0,0,72,78,68,240,220,10.1,13,,,,,,,,
2019-07-09,9.62,0,0,0,76,89,68,200,200,19.9,21.9,,,,,,,,
2019-07-10,10.29,0,0,0,78,88,70,180,190,19.9,23.9,,,,,,,,
2019-07-11,10.74,0.72,0,0,77,83,71,160,160,21,25.1,1,,1,,,,,
2019-07-12,12.08,0,0,0,79,90,73,320,310,21.9,28,,,,,,,,
2019-07-13,10.96,0,0,0,78,85,71,180,240,21,23.9,,,,,,,,
2019-07-14,12.08,0,0,0,81,93,73,280,260,23,36.9,,,,,,,,
2019-07-15,10.96,0,0,0,78,86,69,190,190,18.1,23,,,,,,,,
2019-07-16,10.74,0,0,0,78,87,70,190,180,23.9,28,,,,,,,,
2019-07-17,11.18,0.79,0,0,80,90,73,340,340,36.9,42.9,1,,1,,,,,
2019-07-18,7.38,0.09,0,0,78,86,71,200,190,16.1,21,1,,,,,,,
2019-07-19,8.5,0,0,0,76,84,71,190,190,19.9,21.9,,,,,,,,
2019-07-20,11.41,0,0,0,86,99,78,230,230,21,25.1,1,,,,,,,
2019-07-21,11.63,0.03,0,0,89,99,80,260,260,21.9,28,1,,1,,,,,
2019-07-22,9.4,1.59,0,0,84,87,73,350,360,25.1,30,1,,1,,,,,
2019-07-23,8.5,2.07,0,0,73,76,67,330,330,21,23.9,1,,,,,,,
2019-07-24,7.38,0,0,0,73,84,65,40,20,15,19,,,,,,,,
2019-07-25,7.83,0,0,0,76,85,67,190,350,14.1,21.9,,,,,,,,
2019-07-26,6.71,0,0,0,77,85,67,200,200,13,16.1,,,,,,,,
2019-07-27,9.4,0,0,0,76,82,70,180,170,18.1,21.9,,,,,,,,
2019-07-28,12.3,0,0,0,78,87,71,290,300,19.9,23.9,,,,,,,,
2019-07-29,10.07,0,0,0,81,89,72,180,180,21,25.9,,,,,,,,
2019-07-30,11.41,0,0,0,81,87,75,180,180,23.9,29.1,,,,,,,,
2019-07-31,7.16,0,0,0,78,86,72,210,,17,,,,1,,,,,
2019-08-01,6.93,0,0,0,78,89,71,200,10,13,16.1,1,,,,,,,
2019-08-02,7.61,0,0,0,77,82,72,180,170,15,17,,,,,,,,
2019-08-03,9.62,0.01,0,0,77,84,70,350,350,28,35.1,,,1,,,,,
2019-08-04,6.49,0,0,0,79,89,70,250,250,16.1,19,,,,,,,,
2019-08-05,7.61,0,0,0,76,82,70,40,30,14.1,18.1,,,,,,,,
2019-08-06,7.38,0,0,0,74,79,71,100,90,13,15,1,,,,,,,
2019-08-07,11.41,1,0,0,76,84,70,260,260,28,33.1,1,,1,,,,,
2019-08-08,10.51,0,0,0,75,86,69,310,310,32,44.1,,,1,,,,,
2019-08-09,9.84,0.04,0,0,76,85,70,180,180,17,21,,,1,,,,,
2019-08-10,12.53,0,0,0,76,83,66,270,270,23.9,30,,,,,,,,
2019-08-11,9.17,0,0,0,73,82,64,230,230,21,25.9,,,,,,,,
2019-08-12,12.08,0,0,0,76,85,67,180,190,21.9,27.1,,,,,,,,
2019-08-13,7.61,0.07,0,0,75,77,73,330,110,16.1,21,1,,,,,,,
2019-08-14,5.37,0.26,0,0,74,80,70,140,60,13,16.1,1,,1,,,,1,
2019-08-15,8.5,0,0,0,73,80,68,150,150,16.1,19,1,,,,,,,
2019-08-16,7.83,0,0,0,72,79,67,110,170,12.1,16.1,,,,,,,,
2019-08-17,6.04,0,0,0,77,84,73,130,170,12.1,14.1,1,,,,,,,
2019-08-18,8.05,0,0,0,78,87,73,170,170,21,25.1,1,,1,,,,,
2019-08-19,8.72,0.15,0,0,78,86,72,190,190,29.1,36,1,,1,,,,,
2019-08-20,7.61,0,0,0,79,86,74,30,30,15,18.1,,,,,,,,
2019-08-21,9.84,0.37,0,0,78,88,74,270,280,31.1,38,1,,1,,,,,
2019-08-22,10.51,0.79,0,0,80,89,69,200,330,17,45,1,,1,,,,,
2019-08-23,9.17,0.02,0,0,72,75,66,350,340,16.1,19.9,,,,,,,,
2019-08-24,8.72,0,0,0,70,78,63,360,350,17,21.9,,,,,,,,
2019-08-25,13.42,0,0,0,69,77,62,50,50,23,29.1,,,,,,,,
2019-08-26,9.17,0,0,0,67,73,60,120,120,16.1,21,,,,,,,,
2019-08-27,6.93,0,0,0,66,72,60,150,150,13,16.1,,,,,,,,
2019-08-28,6.71,0.45,0,0,69,83,65,340,330,14.1,19,1,,1,,,,,
2019-08-29,10.96,0,0,0,74,83,67,270,270,21.9,29.1,,,,,,,,
2019-08-30,10.74,0,0,0,74,85,64,220,240,17,21,,,,,,,,
2019-08-31,7.61,0,0,0,75,82,66,360,360,17,19.9,,,,,,,,
2019-09-01,10.51,0,0,0,70,76,62,110,130,17,21,,,,,,,,
2019-09-02,9.84,0.64,0,0,71,77,68,190,180,21.9,27.1,1,,1,,,,,
2019-09-03,7.83,0,0,0,74,81,67,20,20,17,19.9,,,,,,,,
2019-09-04,10.51,0.16,0,0,73,81,67,220,220,23.9,29.1,1,,1,,,,,
2019-09-05,7.83,0,0,0,71,74,64,10,360,16.1,21,,,,,,,,
2019-09-06,14.54,0.25,0,0,64,67,59,30,40,25.1,32,1,,,,,,,
2019-09-07,12.53,0.04,0,0,65,76,57,350,360,23.9,31.1,1,,,,,,,
2019-09-08,7.38,0,0,0,69,77,63,240,230,16.1,19,,,,,,,,
2019-09-09,8.05,0,0,0,70,77,64,110,120,15,19,,,,,,,,
2019-09-10,8.95,0,0,0,70,76,65,180,170,18.1,23,,,,,,,,
2019-09-11,11.18,0,0,0,73,84,68,230,230,18.1,21.9,,,,,,,,
2019-09-12,10.29,0.01,0,0,76,82,62,30,50,19.9,23,1,,,,,,,
2019-09-13,12.3,0,0,0,64,71,57,120,120,21.9,28,,,,,,,,
2019-09-14,11.86,0,0,0,68,76,63,180,180,21.9,27.1,,,,,,,,
2019-09-15,7.16,0,0,0,74,81,69,210,200,15,17,,,,,,,,
2019-09-16,5.14,0,0,0,72,78,65,180,270,10.1,13,,,,,,,,
2019-09-17,8.95,0,0,0,69,77,59,20,360,21,25.9,,,,,,,,
2019-09-18,9.62,0,0,0,63,71,55,60,50,18.1,23,,,,,,,,
2019-09-19,6.93,0,0,0,58,68,49,200,190,14.1,17,,,,,,,,
2019-09-20,10.07,0,0,0,65,78,55,250,290,16.1,19.9,,,,,,,,
2019-09-21,6.93,0,0,0,70,80,59,190,210,12.1,14.1,,,,,,,,
2019-09-22,9.62,0,0,0,70,79,64,200,200,19.9,25.9,,,,,,,,
2019-09-23,12.3,0,0,0,74,82,69,190,290,18.1,25.9,,,,,,,,
2019-09-24,13.65,0,0,0,74,78,63,330,330,23.9,29.1,,,,,,,,
2019-09-25,9.4,0,0,0,68,76,57,190,190,18.1,21.9,,,,,,,,
2019-09-26,11.86,0,0,0,69,78,61,320,310,28,34,,,,,,,,
2019-09-27,8.28,0,0,0,66,74,56,180,180,16.1,18.1,,,,,,,,
2019-09-28,13.42,0,0,0,69,77,63,180,180,25.1,31.1,,,,,,,,
2019-09-29,9.62,0,0,0,74,81,65,360,10,23,29.1,,,,,,,,
2019-09-30,10.29,0,0,0,66,71,62,140,130,16.1,19.9,,,,,,,,
2019-10-01,12.53,0,0,0,68,78,62,240,240,19.9,23,,,,,,,,
2019-10-02,13.65,0.35,0,0,77,95,64,280,270,23,30,1,,,,,,,
2019-10-03,12.08,0.32,0,0,60,64,53,40,40,23,27.1,1,,,,,,,
2019-10-04,16.78,0,0,0,62,68,50,320,330,35.1,40,1,,,,,,,
2019-10-05,8.5,0,0,0,52,59,45,30,20,16.1,21,,,,,,,,
2019-10-06,15.88,0,0,0,63,69,58,180,190,23,30,,,,,,,,
2019-10-07,17.67,0,0,0,70,76,60,190,180,25.9,36,,,,,,,,
2019-10-08,12.97,0.01,0,0,62,64,58,30,40,18.1,23.9,1,,,,,,,
2019-10-09,16.55,0.64,0,0,57,60,53,20,50,25.1,32,1,,,,,,,
2019-10-10,18.34,0,0,0,60,72,53,20,20,28,35.1,,,,,,,,
2019-10-11,18.57,0,0,0,60,64,55,20,20,29.1,36.9,,,,,,,,
2019-10-12,8.95,0,0,0,59,68,55,20,20,17,19.9,,,,,,,,
2019-10-13,7.61,0,0,0,60,65,53,360,340,15,19,,,,,,,,
2019-10-14,7.83,0,0,0,62,70,55,170,160,16.1,19,,,,,,,,
2019-10-15,6.49,0,0,0,59,64,49,360,360,15,18.1,,,,,,,,
2019-10-16,16.78,1.02,0,0,59,66,48,290,280,40,51,1,,,,,,,
2019-10-17,26.4,0,0,0,56,59,52,260,270,40,50.1,,,,,,,,
2019-10-18,16.78,0,0,0,55,61,46,290,280,30,40,,,,,,,,
2019-10-19,7.61,0,0,0,50,59,40,200,220,14.1,16.1,,,,,,,1,
2019-10-20,8.28,0.58,0,0,53,61,44,40,40,18.1,23,1,,,,,,,
2019-10-21,9.17,0,0,0,57,68,51,30,30,19.9,23,,,,,,,,
2019-10-22,11.18,0.46,0,0,56,64,53,90,100,21,28,1,,,,,,,
2019-10-23,14.09,0.05,0,0,62,67,54,270,290,23,30,1,,,,,,,
2019-10-24,9.62,0,0,0,57,65,45,200,200,21,25.1,,,,,,,,
2019-10-25,7.38,0,0,0,56,63,46,200,200,17,21,,,,,,,,
2019-10-26,7.83,0,0,0,58,64,50,30,30,16.1,19.9,,,,,,,,
2019-10-27,14.32,0.9,0,0,60,69,53,130,140,31.1,42.1,1,,,,,,,
2019-10-28,8.5,0.02,0,0,58,65,51,40,50,17,21,1,,,,,,,
2019-10-29,7.38,0.07,0,0,56,61,52,90,90,13,17,1,,,,,,,
2019-10-30,5.37,0.07,0,0,61,65,58,20,30,10.1,13,1,1,,,,,,
2019-10-31,23.04,0.19,0,0,64,68,61,180,190,40.9,53.9,1,,,,,,,
2019-11-01,19.24,0.05,0,0,56,68,43,180,190,44.1,55.9,1,,,,,,,
2019-11-02,5.82,0,0,0,45,52,37,270,270,16.1,19.9,,,,,,,,
2019-11-03,10.74,0,0,0,48,56,43,290,300,17,23,,,,,,,,
2019-11-04,9.4,0,0,0,48,56,34,190,170,19.9,25.9,,,,,,,,
2019-11-05,10.74,0,0,0,56,63,50,160,280,17,21.9,,,,,,,,
2019-11-06,10.51,0,0,0,52,56,44,320,310,21,25.9,,,,,,,,
2019-11-07,12.75,0.02,0,0,52,57,41,210,210,18.1,27.1,,,,,,,,
2019-11-08,18.57,0,0,0,40,41,29,330,330,32,38,,,,,,,,
2019-11-09,8.95,0,0,0,33,41,25,230,230,19.9,21.9,,,,,,,,
2019-11-10,10.74,0,0,0,44,52,37,220,220,21,21.9,,,,,,,,
2019-11-11,5.59,0,0,0,51,58,41,200,200,18.1,21.9,,,,,,,,
2019-11-12,17.22,0.02,0,0,47,56,25,310,330,30,36.9,,,,,,,,
2019-11-13,14.99,0,0,0,28,35,23,310,320,30,38,,,,,,,,
2019-11-14,8.5,0,0,0,33,46,24,200,200,18.1,21,,,,,,,,
2019-11-15,10.51,0,0,0,43,51,34,330,320,23.9,32,,,,,,,,
2019-11-16,14.32,0,0,0,40,42,32,40,50,28,36,,,,,,,,
2019-11-17,18.34,0,0,0,36,44,31,30,40,25.1,32,,,,,,,,
2019-11-18,11.41,0.46,0,0,40,43,38,30,20,21.9,25.9,1,,,,,,,
2019-11-19,8.28,0.17,0,0,44,51,41,270,260,15,19,1,,,,,,,
2019-11-20,15.21,0,0,0,44,48,41,330,320,25.1,31.1,,,,,,,,
2019-11-21,8.28,0,0,0,44,53,34,330,330,17,21,,,,,,,,
2019-11-22,15.66,0.04,0,0,49,52,38,290,290,32,42.1,1,,,,,,,
2019-11-23,8.72,0.04,0,0,40,45,34,310,320,21,28,1,,,,,,,
2019-11-24,15.21,0.72,0,0,44,49,41,300,300,29.1,36,1,,,,,,,
2019-11-25,10.29,0,0,0,44,52,39,230,290,16.1,21,,,,,,,,
2019-11-26,6.93,0,0,0,47,56,39,190,190,13,14.1,,,,,,,,
2019-11-27,11.63,0.01,0,0,50,56,44,290,290,35.1,47,1,,,,,,,
2019-11-28,24.16,0,0,0,50,53,37,320,300,40,50.1,,,,,,,,
2019-11-29,16.55,0,0,0,37,41,30,350,350,23,31.1,,,,,,,,
2019-11-30,10.96,0,0,0,36,44,30,360,360,23,28,,,,,,,,
2019-12-01,14.32,0.59,0,0,33,41,29,40,30,30,38,1,,,1,,1,,
2019-12-02,17.67,0.37,0.6,0,38,40,31,40,40,25.9,36.9,1,,,1,,,,
2019-12-03,19.01,0,0.2,1.2,33,38,31,310,10,25.1,36.9,1,,,,,,,
2019-12-04,12.08,0,0,0,36,39,33,270,270,16.1,19.9,,,,,,,,
2019-12-05,17,0,0,0,39,44,36,290,290,32,42.9,,,,,,,,
2019-12-06,14.76,0,0,0,40,50,34,320,320,29.1,36,,,,,,,,
2019-12-07,14.54,0,0,0,38,40,29,320,320,25.9,32,,,,,,,,
2019-12-08,6.93,0,0,0,33,45,23,200,190,18.1,23,,,,,,,,
2019-12-09,10.96,1.71,0,0,46,54,42,170,170,25.9,36,1,1,,,,,,
2019-12-10,11.41,0.09,0,0,53,57,40,300,310,25.9,36,1,,,,,,,
2019-12-11,12.3,0.35,0.9,1.2,38,40,31,290,300,28,36,1,,,,,,,
2019-12-12,9.62,0,0,0,31,35,26,320,320,28,34,,,,,,,,
2019-12-13,8.72,1.15,0,0,39,54,31,90,100,21,30,1,,,,,,,
2019-12-14,13.87,1.62,0,0,53,56,44,270,270,32,40,1,1,,,,,1,
2019-12-15,19.69,0,0,0,46,50,37,280,290,35.1,47,,,,,,,,
2019-12-16,8.95,0.22,0,0,36,37,33,330,,16.1,,1,,,1,,1,,
2019-12-17,12.97,1.07,0,0,34,36,32,330,320,21.9,30,1,,,,,1,,
2019-12-18,17.9,0,0.2,0,34,39,22,310,330,29.1,38,1,,,,,,1,1
2019-12-19,19.24,0,0,0,23,26,17,290,290,33.1,44.1,,,,,,,,
2019-12-20,12.53,0,0,0,27,34,23,330,330,21,23.9,,,,,,,,
2019-12-21,5.59,0,0,0,28,37,22,360,360,14.1,19,,,,,,,,
2019-12-22,10.74,0,0,0,35,45,28,230,220,19.9,23,,,,,,,,
2019-12-23,10.96,0,0,0,41,53,33,230,230,19.9,25.1,,,,,,,,
2019-12-24,11.18,0,0,0,43,49,33,350,10,21.9,25.1,,,,,,,,
2019-12-25,4.25,0,0,0,37,47,29,140,60,8.1,14.1,,,,,,,,
2019-12-26,8.05,0,0,0,38,47,32,90,70,16.1,21.9,1,,,,,,,
2019-12-27,8.05,0,0,0,48,52,44,240,230,13,16.1,,,,,,,,
2019-12-28,8.5,0,0,0,47,52,37,310,320,15,18.1,1,,,,,,,
2019-12-29,6.49,0.36,0,0,41,44,33,80,90,15,18.1,1,,,,,,,
2019-12-30,18.79,0.5,0,0,42,44,38,70,80,33.1,42.9,1,,,,,,,
2019-12-31,11.41,0,0,0,40,44,38,260,250,23.9,33.1,,,,,,,,
