"date","bike_counts","weekEnd","Wind_avg","Precip","Snowfall","Snowdepth","Temp_avg","Temp_max","Temp_min","Wind_fast2m","Wind_fast5s","FOG","HeavyFog","Thunder","IcePellets","Hail","Glaze","Smoke","DriftingSnow"
"2017-01-01",1312,TRUE,9.84,0,0,0,46,52,34,21,27.1,0,0,0,0,0,0,0,0
"2017-01-02",598,FALSE,10.07,0.31,0,0,40,43,34,16.1,19,1,0,0,1,0,0,1,0
"2017-01-03",1041,FALSE,13.42,0.46,0,0,43,46,41,21,25.9,1,0,0,0,0,0,0,0
"2017-01-04",3173,FALSE,17.67,0,0,0,46,55,35,29.1,40.9,0,0,0,0,0,0,0,0
"2017-01-05",2115,FALSE,17.67,0,0,0,34,35,28,31.1,36.9,0,0,0,0,0,0,0,0
"2017-01-06",1348,FALSE,8.72,0.03,1.1,1.2,32,36,27,17,25.1,0,0,0,0,0,0,0,0
"2017-01-07",349,TRUE,16.11,0.22,8.2,0,25,27,21,29.1,35.1,1,0,0,0,0,0,1,0
"2017-01-08",350,TRUE,18.34,0,0,7.9,21,26,18,29.1,35.1,0,0,0,0,0,0,0,0
"2017-01-09",797,FALSE,11.18,0,0,7.1,20,24,13,21,25.1,0,0,0,0,0,0,0,0
"2017-01-10",1344,FALSE,7.83,0,0,5.9,27,47,20,25.1,30,0,0,0,0,0,0,0,0
"2017-01-11",2467,FALSE,11.63,0.46,0,1.2,45,51,41,23.9,32,1,0,0,0,0,0,0,0
"2017-01-12",3329,FALSE,11.41,0.1,0,1.2,50,61,46,18.1,23,1,0,0,0,0,0,0,0
"2017-01-13",2670,FALSE,16.78,0,0,0,50,58,34,29.1,35.1,0,0,0,0,0,0,0,0
"2017-01-14",917,TRUE,5.82,0.15,1.8,0,32,34,28,14.1,15,1,0,0,0,0,0,1,0
"2017-01-15",1208,TRUE,8.28,0,0,2,35,41,30,14.1,19,0,0,0,0,0,0,0,0
"2017-01-16",1900,FALSE,6.71,0,0,0,35,42,28,13,16.1,0,0,0,0,0,0,0,0
"2017-01-17",1345,FALSE,7.38,0.59,0,0,40,43,39,15,18.1,1,0,0,0,0,0,1,0
"2017-01-18",2424,FALSE,10.74,0.09,0,0,41,42,40,16.1,21,1,0,0,0,0,0,0,0
"2017-01-19",3356,FALSE,8.5,0,0,0,43,54,37,16.1,19,0,0,0,0,0,0,0,0
"2017-01-20",1827,FALSE,5.59,0.08,0,0,44,46,42,12.1,14.1,1,0,0,0,0,0,0,0
"2017-01-21",2040,TRUE,8.5,0,0,0,44,47,42,14.1,17,1,1,0,0,0,0,0,0
"2017-01-22",1351,TRUE,8.95,0.01,0,0,46,54,43,28,34,1,1,0,0,0,0,1,0
"2017-01-23",953,FALSE,25.05,0.84,0,0,44,47,38,36.9,47,1,0,0,0,0,0,0,0
"2017-01-24",844,FALSE,21.7,1.22,0,0,38,40,38,40,52.1,1,0,0,0,0,0,0,0
"2017-01-25",3301,FALSE,14.76,0,0,0,42,51,37,29.1,36.9,0,0,0,0,0,0,0,0
"2017-01-26",2570,FALSE,14.76,0.03,0,0,45,55,42,35.1,42.9,1,0,0,0,0,0,0,0
"2017-01-27",2580,FALSE,20.8,0,0,0,42,46,36,29.1,36.9,0,0,0,0,0,0,0,0
"2017-01-28",1441,TRUE,17.67,0,0,0,37,40,34,28,32,0,0,0,0,0,0,0,0
"2017-01-29",1785,TRUE,11.63,0,0,0,38,46,30,21.9,28,0,0,0,0,0,0,0,0
"2017-01-30",2474,FALSE,12.53,0,0,0,36,39,30,23,28,0,0,0,0,0,0,0,0
"2017-01-31",1660,FALSE,6.26,0.05,0.6,0,30,32,26,14.1,19,1,0,0,0,0,0,0,0
"2017-02-01",2978,FALSE,12.53,0,0,0,38,48,27,21.9,29.1,1,0,0,0,0,0,0,0
"2017-02-02",2827,FALSE,11.86,0,0,0,40,47,32,25.1,32,0,0,0,0,0,0,0,0
"2017-02-03",2089,FALSE,13.2,0,0,0,32,34,26,29.1,35.1,0,0,0,0,0,0,0,0
"2017-02-04",1321,TRUE,14.99,0,0,0,29,35,23,30,36.9,0,0,0,0,0,0,0,0
"2017-02-05",1363,TRUE,12.97,0,0,0,35,42,30,25.1,29.1,0,0,0,0,0,0,0,0
"2017-02-06",2993,FALSE,10.74,0,0,0,42,48,36,21.9,29.1,0,0,0,0,0,0,0,0
"2017-02-07",1634,FALSE,6.93,0.1,0,0,40,44,35,16.1,18.1,1,0,0,0,0,0,1,0
"2017-02-08",3821,FALSE,8.72,0,0,0,48,65,39,19.9,23,1,0,0,0,0,0,1,0
"2017-02-09",233,FALSE,23.04,0.74,8.3,1.2,35,44,19,38,48.1,1,0,0,1,0,0,1,1
"2017-02-10",449,FALSE,16.11,0,0,7.9,24,31,20,23.9,32,0,0,0,0,0,0,0,0
"2017-02-11",829,TRUE,6.93,0,0,5.9,37,45,30,16.1,18.1,0,0,0,0,0,0,0,0
"2017-02-12",392,TRUE,10.74,0.4,0.1,5.1,36,37,32,21,23.9,1,0,0,1,0,1,0,0
"2017-02-13",1532,FALSE,25.72,0,0,3.9,37,39,31,44.1,62,0,0,0,0,0,0,0,0
"2017-02-14",2312,FALSE,11.41,0,0,3.1,33,38,28,21,27.1,0,0,0,0,0,0,0,0
"2017-02-15",2545,FALSE,10.74,0,0,2,38,46,31,30,38.9,0,0,0,0,0,0,0,0
"2017-02-16",2132,FALSE,22.15,0,0,0,35,39,29,30,36.9,0,0,0,0,0,0,0,0
"2017-02-17",2161,FALSE,14.54,0,0,0,33,44,27,25.9,36.9,0,0,0,0,0,0,0,0
"2017-02-18",2754,TRUE,7.16,0,0,0,41,53,30,15,19,0,0,0,0,0,0,0,0
"2017-02-19",3516,TRUE,11.41,0,0,0,55,68,46,23,29.1,0,0,0,0,0,0,0,0
"2017-02-20",2932,FALSE,13.2,0,0,0,52,56,38,21.9,27.1,0,0,0,0,0,0,0,0
"2017-02-21",3128,FALSE,8.5,0,0,0,40,45,31,12.1,0,0,0,0,0,0,0,0,0
"2017-02-22",3533,FALSE,5.82,0,0,0,44,51,39,10.1,0,0,0,0,0,0,0,0,0
"2017-02-23",4203,FALSE,5.37,0,0,0,45,57,38,16.1,19.9,1,1,0,0,0,0,0,0
"2017-02-24",4515,FALSE,11.18,0,0,0,52,62,45,25.9,33.1,1,1,0,0,0,0,0,0
"2017-02-25",2372,TRUE,11.86,0.34,0,0,53,63,47,28,36.9,1,1,1,0,0,0,1,0
"2017-02-26",1851,TRUE,18.57,0,0,0,44,47,37,29.1,38,0,0,0,0,0,0,0,0
"2017-02-27",3441,FALSE,12.3,0,0,0,41,52,32,23.9,31.1,0,0,0,0,0,0,0,0
"2017-02-28",3889,FALSE,6.26,0,0,0,48,58,43,16.1,19,1,1,0,0,0,0,0,0
"2017-03-01",2700,FALSE,11.63,0.01,0,0,51,61,48,25.1,32,1,1,0,0,0,0,0,0
"2017-03-02",2788,FALSE,25.5,0,0,0,52,62,37,40.9,55,0,0,0,0,0,0,0,0
"2017-03-03",2312,FALSE,18.34,0,0,0,37,42,25,33.1,42.9,0,0,0,0,0,0,0,0
"2017-03-04",900,TRUE,20.8,0,0,0,27,34,18,35.1,44.1,0,0,0,0,0,0,0,0
"2017-03-05",966,TRUE,13.65,0,0,0,24,38,16,25.1,33.1,0,0,0,0,0,0,0,0
"2017-03-06",2786,FALSE,8.05,0,0,0,32,42,22,16.1,19,0,0,0,0,0,0,1,0
"2017-03-07",2033,FALSE,10.51,0.11,0,0,44,50,42,21.9,27.1,1,0,0,0,0,0,0,0
"2017-03-08",4101,FALSE,16.55,0.05,0,0,52,61,46,25.9,32,1,0,0,0,0,0,0,0
"2017-03-09",4155,FALSE,19.46,0,0,0,55,64,46,32,40.9,0,0,0,0,0,0,0,0
"2017-03-10",959,FALSE,17.45,0.26,2.4,0,42,49,24,36,44.1,1,0,0,0,0,0,1,0
"2017-03-11",871,TRUE,18.57,0,0,2,25,29,18,33.1,40,0,0,0,0,0,0,0,0
"2017-03-12",755,TRUE,18.34,0,0,1.2,25,32,20,28,36.9,0,0,0,0,0,0,0,0
"2017-03-13",1842,FALSE,9.17,0,0,0,26,34,20,21,25.9,0,0,0,0,0,0,0,0
"2017-03-14",130,FALSE,24.61,1.94,5.1,3.9,32,36,23,38.9,48.1,1,0,0,1,0,0,0,1
"2017-03-15",324,FALSE,21.25,0,0,3.9,25,28,22,32,42.9,0,0,0,0,0,0,0,0
"2017-03-16",598,FALSE,17.22,0,0,3.9,30,40,25,28,36,0,0,0,0,0,0,0,0
"2017-03-17",1052,FALSE,13.2,0,0,3.1,36,45,30,21,25.1,0,0,0,0,0,0,0,0
"2017-03-18",575,TRUE,10.96,0.07,0,2,36,40,28,21.9,27.1,1,0,0,0,0,0,1,0
"2017-03-19",1087,TRUE,14.54,0,0,1.2,40,48,35,23,30,0,0,0,0,0,0,0,0
"2017-03-20",2640,FALSE,12.53,0,0,0,43,55,35,21,27.1,0,0,0,0,0,0,0,0
"2017-03-21",3564,FALSE,9.17,0,0,0,49,57,42,16.1,19,0,0,0,0,0,0,0,0
"2017-03-22",1985,FALSE,23.49,0,0,0,42,50,24,38,53,0,0,0,0,0,0,0,0
"2017-03-23",2230,FALSE,11.63,0,0,0,31,44,23,21,28,0,0,0,0,0,0,0,0
"2017-03-24",2656,FALSE,13.87,0,0,0,40,49,32,23,30,0,0,0,0,0,0,0,0
"2017-03-25",2011,TRUE,8.72,0.01,0,0,51,62,42,19.9,23,0,0,0,0,0,0,0,0
"2017-03-26",1297,TRUE,12.08,0.14,0,0,42,43,39,21,25.1,1,0,0,0,0,0,0,0
"2017-03-27",1775,FALSE,6.04,0.19,0,0,45,58,40,12.1,15,1,1,0,0,0,0,0,0
"2017-03-28",1549,FALSE,8.28,0.93,0,0,47,49,42,21,25.1,1,0,1,0,0,0,0,0
"2017-03-29",4216,FALSE,16.33,0,0,0,49,61,42,25.9,31.1,0,0,0,0,0,0,0,0
"2017-03-30",3922,FALSE,9.62,0.01,0,0,43,50,37,17,23,0,0,0,0,0,0,0,0
"2017-03-31",640,FALSE,16.11,2.07,0,0,41,42,39,31.1,42.1,1,0,0,0,0,0,0,0
"2017-04-01",1358,TRUE,16.55,0.01,0,0,42,47,38,25.9,33.1,1,0,0,0,0,0,0,0
"2017-04-02",3748,TRUE,12.53,0,0,0,50,65,40,25.9,32,0,0,0,0,0,0,0,0
"2017-04-03",4848,FALSE,8.72,0.03,0,0,53,59,42,23,27.1,1,0,0,0,0,0,0,0
"2017-04-04",1833,FALSE,10.51,1.05,0,0,50,54,46,29.1,38.9,1,1,0,0,0,0,0,0
"2017-04-05",5076,FALSE,7.61,0,0,0,49,60,44,19.9,23.9,1,0,0,0,0,0,0,0
"2017-04-06",1262,FALSE,16.11,0.96,0,0,46,54,42,29.1,40,1,1,1,0,0,0,0,0
"2017-04-07",2854,FALSE,20.36,0,0,0,48,52,41,28,38.9,0,0,0,0,0,0,0,0
"2017-04-08",2976,TRUE,17,0,0,0,47,58,41,28,38,0,0,0,0,0,0,0,0
"2017-04-09",4160,TRUE,10.51,0,0,0,51,61,40,25.1,31.1,0,0,0,0,0,0,0,0
"2017-04-10",6099,FALSE,11.41,0,0,0,52,62,43,25.9,33.1,0,0,0,0,0,0,0,0
"2017-04-11",7026,FALSE,6.71,0,0,0,56,66,47,19.9,25.1,0,0,0,0,0,0,0,0
"2017-04-12",5453,FALSE,6.93,0.05,0,0,60,73,52,21.9,25.1,0,0,0,0,0,0,0,0
"2017-04-13",5796,FALSE,12.53,0,0,0,56,66,49,23.9,29.1,0,0,0,0,0,0,0,0
"2017-04-14",4847,FALSE,7.61,0,0,0,54,60,47,16.1,19,0,0,0,0,0,0,0,0
"2017-04-15",3628,TRUE,11.18,0,0,0,51,58,44,23.9,28,0,0,0,0,0,0,0,0
"2017-04-16",4382,TRUE,13.2,0.01,0,0,64,83,51,36.9,47,1,0,0,0,0,0,0,0
"2017-04-17",6139,FALSE,14.99,0,0,0,70,76,58,29.1,34,0,0,0,0,0,0,0,0
"2017-04-18",6478,FALSE,12.75,0,0,0,58,62,47,21,23.9,0,0,0,0,0,0,0,0
"2017-04-19",4481,FALSE,12.53,0,0,0,48,52,45,21,23.9,0,0,0,0,0,0,0,0
"2017-04-20",3225,FALSE,6.49,0.17,0,0,54,64,50,17,23,1,0,0,0,0,0,1,0
"2017-04-21",3007,FALSE,9.17,0.03,0,0,53,58,49,21,27.1,1,0,0,0,0,0,0,0
"2017-04-22",2174,TRUE,7.83,0.11,0,0,53,58,50,21,25.1,1,0,0,0,0,0,0,0
"2017-04-23",4485,TRUE,11.18,0,0,0,53,61,47,18.1,25.1,0,0,0,0,0,0,0,0
"2017-04-24",5168,FALSE,7.38,0.01,0,0,51,57,44,15,19,0,0,0,0,0,0,0,0
"2017-04-25",1332,FALSE,17,0.98,0,0,54,59,51,25.9,35.1,1,0,0,0,0,0,0,0
"2017-04-26",2635,FALSE,8.72,0.48,0,0,57,62,54,21,25.1,1,0,0,0,0,0,0,0
"2017-04-27",5107,FALSE,7.61,0.01,0,0,60,65,56,17,21,1,1,0,0,0,0,0,0
"2017-04-28",6516,FALSE,6.49,0,0,0,62,74,55,19.9,23.9,1,1,0,0,0,0,1,0
"2017-04-29",5281,TRUE,12.75,0.16,0,0,69,85,60,30,38.9,1,0,1,0,0,0,0,0
"2017-04-30",3858,TRUE,13.87,0,0,0,64,70,51,25.1,33.1,1,0,0,0,0,0,0,0
"2017-05-01",6006,FALSE,12.75,0,0,0,55,67,50,28,34,1,0,0,0,0,0,0,0
"2017-05-02",6800,FALSE,18.34,0.02,0,0,66,77,59,36,47,1,1,0,0,0,0,0,0
"2017-05-03",6790,FALSE,17.45,0,0,0,64,68,52,30,36.9,0,0,0,0,0,0,0,0
"2017-05-04",6284,FALSE,11.18,0,0,0,55,61,44,19.9,25.1,0,0,0,0,0,0,0,0
"2017-05-05",1414,FALSE,15.66,1.78,0,0,55,61,51,30,38,1,1,1,0,0,0,0,0
"2017-05-06",3652,TRUE,19.24,0.05,0,0,58,62,54,28,36,1,1,0,0,0,0,1,0
"2017-05-07",3397,TRUE,15.43,0,0,0,54,57,49,23.9,29.1,0,0,0,0,0,0,0,0
"2017-05-08",5635,FALSE,11.86,0,0,0,53,61,42,23.9,34,0,0,0,0,0,0,0,0
"2017-05-09",6243,FALSE,7.83,0,0,0,54,63,47,16.1,19.9,0,0,0,0,0,0,0,0
"2017-05-10",6176,FALSE,5.82,0,0,0,54,60,50,13,16.1,0,0,0,0,0,0,0,0
"2017-05-11",5975,FALSE,6.26,0,0,0,54,61,48,13,16.1,0,0,0,0,0,0,0,0
"2017-05-12",5182,FALSE,8.5,0,0,0,53,61,47,17,23,0,0,0,0,0,0,0,0
"2017-05-13",445,TRUE,14.76,1.65,0,0,51,53,47,28,36.9,1,0,0,0,0,0,0,0
"2017-05-14",2575,TRUE,15.88,0.01,0,0,54,70,47,36,45,0,0,1,0,0,0,0,0
"2017-05-15",5663,FALSE,20.58,0,0,0,61,69,54,35.1,42.9,0,0,0,0,0,0,0,0
"2017-05-16",7574,FALSE,11.41,0,0,0,66,78,58,21,25.1,0,0,0,0,0,0,0,0
"2017-05-17",7653,FALSE,9.62,0,0,0,67,77,57,21.9,27.1,0,0,0,0,0,0,0,0
"2017-05-18",6681,FALSE,10.74,0,0,0,74,85,65,21,23.9,0,0,0,0,0,0,0,0
"2017-05-19",6228,FALSE,12.97,0,0,0,79,92,67,23,29.1,0,0,0,0,0,0,0,0
"2017-05-20",3663,TRUE,10.51,0,0,0,65,67,53,23,30,0,0,0,0,0,0,0,0
"2017-05-21",4432,TRUE,8.72,0,0,0,58,65,49,17,21,0,0,0,0,0,0,0,0
"2017-05-22",1548,FALSE,8.5,0.65,0,0,57,63,55,17,19.9,1,0,0,0,0,0,0,0
"2017-05-23",6469,FALSE,6.71,0,0,0,63,70,59,15,19.9,1,0,0,0,0,0,0,0
"2017-05-24",5805,FALSE,9.17,0.02,0,0,62,69,57,18.1,21.9,0,0,0,0,0,0,0,0
"2017-05-25",1122,FALSE,13.42,1.14,0,0,58,61,56,23.9,34,1,0,1,0,0,0,0,0
"2017-05-26",4365,FALSE,12.3,0.19,0,0,64,77,57,23,28,1,0,1,0,0,0,0,0
"2017-05-27",3774,TRUE,8.72,0,0,0,67,73,60,19.9,25.1,0,0,0,0,0,0,0,0
"2017-05-28",3816,TRUE,8.72,0,0,0,63,68,58,16.1,21,1,0,0,0,0,0,0,0
"2017-05-29",1623,FALSE,8.5,0.29,0,0,59,61,56,15,21,1,0,0,0,0,0,0,0
"2017-05-30",5190,FALSE,9.4,0,0,0,57,60,55,15,19,1,0,0,0,0,0,0,0
"2017-05-31",5496,FALSE,6.71,0.03,0,0,62,73,58,12.1,0,1,0,0,0,0,0,0,0
"2017-06-01",7077,FALSE,9.84,0,0,0,68,82,60,23,28,1,1,0,0,0,0,1,0
"2017-06-02",6770,FALSE,11.41,0,0,0,68,77,57,23.9,31.1,0,0,0,0,0,0,0,0
"2017-06-03",4271,TRUE,11.41,0.02,0,0,66,76,56,23.9,29.1,0,0,0,0,0,0,0,0
"2017-06-04",2962,TRUE,6.26,0.09,0,0,65,70,54,16.1,19.9,1,0,0,0,0,0,0,0
"2017-06-05",4363,FALSE,7.61,0.4,0,0,65,71,60,19.9,25.1,1,0,1,0,0,0,1,0
"2017-06-06",2871,FALSE,11.63,0.05,0,0,58,60,53,18.1,23,1,0,0,0,0,0,0,0
"2017-06-07",6975,FALSE,9.17,0,0,0,58,68,52,15,21,0,0,0,0,0,0,0,0
"2017-06-08",6855,FALSE,5.82,0,0,0,61,67,54,15,19,0,0,0,0,0,0,0,0
"2017-06-09",6639,FALSE,9.4,0,0,0,66,84,51,21.9,29.1,0,0,0,0,0,0,0,0
"2017-06-10",4948,TRUE,11.18,0,0,0,74,81,62,23,29.1,0,0,0,0,0,0,0,0
"2017-06-11",4184,TRUE,10.51,0,0,0,74,87,66,21,25.9,0,0,0,0,0,0,0,0
"2017-06-12",6048,FALSE,11.18,0,0,0,80,92,69,21,23,0,0,0,0,0,0,0,0
"2017-06-13",5935,FALSE,9.84,0,0,0,82,94,72,21,25.1,0,0,0,0,0,0,0,0
"2017-06-14",5396,FALSE,7.16,0.3,0,0,77,82,64,17,23,1,0,1,0,0,0,0,0
"2017-06-15",7630,FALSE,9.62,0,0,0,67,72,61,17,21.9,0,0,0,0,0,0,0,0
"2017-06-16",4668,FALSE,8.5,0.03,0,0,66,70,63,19.9,23,1,0,0,0,0,0,0,0
"2017-06-17",2469,TRUE,5.82,0.34,0,0,68,73,66,12.1,14.1,1,1,0,0,0,0,0,0
"2017-06-18",3795,TRUE,15.66,0,0,0,72,79,69,30,38.9,1,1,0,0,0,0,0,0
"2017-06-19",3402,FALSE,17.22,1.12,0,0,74,79,68,32,40.9,1,0,1,0,0,0,0,0
"2017-06-20",7218,FALSE,13.65,0.01,0,0,75,86,67,23,30,1,0,0,0,0,0,0,0
"2017-06-21",7169,FALSE,11.63,0,0,0,78,86,69,21,23.9,0,0,0,0,0,0,0,0
"2017-06-22",7361,FALSE,8.5,0,0,0,74,79,66,19.9,23.9,0,0,0,0,0,0,0,0
"2017-06-23",4477,FALSE,11.41,0,0,0,75,83,71,21,25.1,1,0,0,0,0,0,0,0
"2017-06-24",3667,TRUE,12.08,1.73,0,0,78,87,70,25.9,31.1,1,0,1,0,0,0,0,0
"2017-06-25",4623,TRUE,9.62,0,0,0,76,82,69,23.9,29.1,0,0,0,0,0,0,0,0
"2017-06-26",6966,FALSE,11.63,0,0,0,72,78,64,23,28,0,0,0,0,0,0,0,0
"2017-06-27",7075,FALSE,8.95,0.11,0,0,70,77,62,18.1,21.9,1,0,0,0,0,0,0,0
"2017-06-28",7951,FALSE,11.86,0,0,0,71,82,63,23,28,0,0,0,0,0,0,0,0
"2017-06-29",7276,FALSE,16.33,0,0,0,71,77,67,33.1,38.9,0,0,0,0,0,0,0,0
"2017-06-30",5656,FALSE,14.99,0,0,0,72,80,68,29.1,36.9,0,0,0,0,0,0,0,0
"2017-07-01",2812,TRUE,12.3,0.53,0,0,72,78,67,25.1,32,1,0,1,0,0,0,0,0
"2017-07-02",3559,TRUE,10.07,0,0,0,77,89,71,19.9,25.1,1,0,0,0,0,0,0,0
"2017-07-03",3923,FALSE,7.83,0,0,0,79,89,71,19.9,23.9,0,0,0,0,0,0,0,0
"2017-07-04",3796,FALSE,6.49,0,0,0,77,85,70,16.1,19,0,0,0,0,0,0,0,0
"2017-07-05",6488,FALSE,8.95,0,0,0,76,83,69,17,21,0,0,0,0,0,0,0,0
"2017-07-06",6004,FALSE,8.28,0,0,0,73,77,69,14.1,17,0,0,0,0,0,0,0,0
"2017-07-07",3388,FALSE,8.95,1.92,0,0,73,83,69,25.9,30,1,0,0,0,0,0,0,0
"2017-07-08",4559,TRUE,10.96,0,0,0,77,87,70,23.9,28,1,0,0,0,0,0,0,0
"2017-07-09",5142,TRUE,11.41,0,0,0,77,83,69,19.9,23,0,0,0,0,0,0,0,0
"2017-07-10",7257,FALSE,12.75,0,0,0,75,83,66,28,34,0,0,0,0,0,0,0,0
"2017-07-11",6179,FALSE,9.84,0.16,0,0,78,88,73,23.9,35.1,1,0,1,0,0,0,1,0
"2017-07-12",6068,FALSE,13.2,0.01,0,0,81,91,75,25.9,31.1,0,0,0,0,0,0,0,0
"2017-07-13",4941,FALSE,10.96,0.03,0,0,84,93,70,25.1,30,1,0,0,0,0,0,0,0
"2017-07-14",2044,FALSE,9.17,0.21,0,0,70,70,65,16.1,21,1,0,1,0,0,0,0,0
"2017-07-15",4595,TRUE,5.82,0.01,0,0,73,84,68,13,15,1,0,0,0,0,0,0,0
"2017-07-16",4930,TRUE,8.5,0,0,0,77,83,68,16.1,18.1,0,0,0,0,0,0,0,0
"2017-07-17",7069,FALSE,9.17,0,0,0,77,84,71,18.1,23,0,0,0,0,0,0,0,0
"2017-07-18",7460,FALSE,9.4,0,0,0,78,85,72,18.1,25.1,0,0,0,0,0,0,0,0
"2017-07-19",6507,FALSE,11.41,0,0,0,80,91,75,21.9,25.9,0,0,0,0,0,0,0,0
"2017-07-20",5745,FALSE,9.4,0,0,0,84,94,77,21,23.9,1,0,0,0,0,0,0,0
"2017-07-21",5246,FALSE,10.74,0,0,0,86,95,79,21,25.1,0,0,0,0,0,0,1,0
"2017-07-22",3520,TRUE,7.61,0.62,0,0,84,88,73,15,17,1,0,0,0,0,0,0,0
"2017-07-23",3527,TRUE,7.83,0.37,0,0,76,81,71,16.1,19.9,1,0,0,0,0,0,0,0
"2017-07-24",3445,FALSE,11.41,0.78,0,0,71,74,64,25.9,32,1,0,0,0,0,0,0,0
"2017-07-25",6960,FALSE,7.38,0,0,0,67,72,63,13,15,0,0,0,0,0,0,0,0
"2017-07-26",7683,FALSE,7.83,0,0,0,70,76,63,14.1,19.9,0,0,0,0,0,0,0,0
"2017-07-27",6386,FALSE,9.84,0,0,0,71,78,65,17,19.9,0,0,0,0,0,0,0,0
"2017-07-28",5838,FALSE,6.04,0,0,0,76,83,70,13,15,0,0,0,0,0,0,0,0
"2017-07-29",3531,TRUE,17,0.01,0,0,73,76,66,30,38,0,0,0,0,0,0,0,0
"2017-07-30",4988,TRUE,9.17,0,0,0,72,83,62,16.1,19.9,0,0,0,0,0,0,0,0
"2017-07-31",7099,FALSE,8.5,0,0,0,75,86,66,15,19,0,0,0,0,0,0,0,0
"2017-08-01",7078,FALSE,8.05,0,0,0,78,88,69,16.1,18.1,0,0,0,0,0,0,0,0
"2017-08-02",5732,FALSE,7.38,0.01,0,0,77,85,71,30,36,1,0,1,0,0,0,0,0
"2017-08-03",6448,FALSE,7.61,0,0,0,75,83,68,16.1,19.9,0,0,0,0,0,0,0,0
"2017-08-04",4221,FALSE,11.63,0.06,0,0,77,83,73,19.9,25.1,1,0,1,0,0,0,0,0
"2017-08-05",4225,TRUE,12.75,0.27,0,0,76,82,71,23,30,1,0,1,0,0,0,0,0
"2017-08-06",4783,TRUE,12.3,0,0,0,73,80,66,19.9,25.9,0,0,0,0,0,0,0,0
"2017-08-07",1705,FALSE,7.16,0.39,0,0,70,72,66,16.1,19.9,1,0,0,0,0,0,0,0
"2017-08-08",6910,FALSE,8.5,0,0,0,71,82,66,18.1,23,1,0,0,0,0,0,0,0
"2017-08-09",7476,FALSE,7.61,0,0,0,74,83,65,14.1,17,0,0,0,0,0,0,0,0
"2017-08-10",7122,FALSE,6.93,0,0,0,74,82,67,16.1,18.1,0,0,0,0,0,0,1,0
"2017-08-11",6046,FALSE,10.07,0,0,0,74,81,67,18.1,21.9,0,0,0,0,0,0,0,0
"2017-08-12",4061,TRUE,7.61,0.21,0,0,71,78,65,17,19.9,1,0,1,0,0,0,0,0
"2017-08-13",4820,TRUE,8.05,0,0,0,78,87,71,16.1,21.9,0,0,0,0,0,0,0,0
"2017-08-14",6435,FALSE,7.38,0,0,0,76,81,68,14.1,16.1,0,0,0,0,0,0,0,0
"2017-08-15",4787,FALSE,5.82,0.44,0,0,73,76,68,12.1,14.1,1,0,0,0,0,0,0,0
"2017-08-16",6923,FALSE,6.71,0,0,0,77,88,70,16.1,19.9,1,0,0,0,0,0,0,0
"2017-08-17",6684,FALSE,8.95,0,0,0,75,80,69,15,18.1,1,0,0,0,0,0,0,0
"2017-08-18",2162,FALSE,13.42,0.27,0,0,76,81,73,23,30,1,0,1,0,0,0,0,0
"2017-08-19",4575,TRUE,10.51,0,0,0,78,87,73,16.1,19.9,0,0,0,0,0,0,0,0
"2017-08-20",4309,TRUE,11.41,0,0,0,78,85,71,18.1,23.9,0,0,0,0,0,0,0,0
"2017-08-21",6127,FALSE,10.29,0,0,0,78,87,70,23,27.1,0,0,0,0,0,0,0,0
"2017-08-22",5901,FALSE,14.54,0.17,0,0,78,86,74,31.1,36,1,0,1,0,0,0,0,0
"2017-08-23",6355,FALSE,10.29,0.06,0,0,78,84,69,18.1,23.9,1,0,1,0,0,0,0,0
"2017-08-24",6792,FALSE,8.28,0,0,0,74,84,65,17,21.9,0,0,0,0,0,0,0,0
"2017-08-25",5995,FALSE,6.71,0,0,0,71,80,64,16.1,21,0,0,0,0,0,0,0,0
"2017-08-26",4361,TRUE,6.49,0,0,0,71,80,62,15,19.9,0,0,0,0,0,0,0,0
"2017-08-27",4510,TRUE,7.16,0,0,0,69,80,60,14.1,19,0,0,0,0,0,0,0,0
"2017-08-28",6685,FALSE,10.51,0,0,0,68,78,60,19.9,23.9,0,0,0,0,0,0,0,0
"2017-08-29",3071,FALSE,11.86,0.57,0,0,65,69,62,18.1,23,1,0,0,0,0,0,0,0
"2017-08-30",6914,FALSE,12.75,0.05,0,0,67,80,60,21,25.9,1,0,0,0,0,0,0,0
"2017-08-31",6442,FALSE,13.42,0,0,0,74,86,65,21,28,0,0,0,0,0,0,0,0
"2017-09-01",5364,FALSE,10.74,0,0,0,66,74,56,17,25.9,0,0,0,0,0,0,0,0
"2017-09-02",2927,TRUE,9.84,0.54,0,0,63,68,54,19.9,25.9,1,0,0,0,0,0,0,0
"2017-09-03",1739,TRUE,14.09,0.46,0,0,63,73,59,21.9,27.1,1,0,0,0,0,0,1,0
"2017-09-04",4454,FALSE,13.65,0,0,0,70,79,63,23.9,28,0,0,0,0,0,0,0,0
"2017-09-05",6984,FALSE,13.65,0,0,0,74,81,68,28,35.1,0,0,0,0,0,0,0,0
"2017-09-06",2535,FALSE,8.05,0.5,0,0,70,74,62,21.9,27.1,1,0,1,0,0,0,1,0
"2017-09-07",6819,FALSE,12.97,0,0,0,66,74,61,23,27.1,0,0,0,0,0,0,0,0
"2017-09-08",6606,FALSE,11.63,0,0,0,67,75,59,19.9,23,0,0,0,0,0,0,0,0
"2017-09-09",4758,TRUE,11.63,0,0,0,65,72,56,21,25.1,0,0,0,0,0,0,0,0
"2017-09-10",5392,TRUE,10.07,0,0,0,65,75,57,21.9,28,0,0,0,0,0,0,0,0
"2017-09-11",7512,FALSE,6.49,0,0,0,67,80,56,12.1,16.1,0,0,0,0,0,0,0,0
"2017-09-12",7692,FALSE,6.26,0,0,0,69,80,59,13,15,0,0,0,0,0,0,0,0
"2017-09-13",7209,FALSE,8.28,0.4,0,0,70,80,61,16.1,21,1,0,1,0,0,0,0,0
"2017-09-14",6438,FALSE,8.05,0,0,0,72,79,67,19.9,23.9,1,1,0,0,0,0,0,0
"2017-09-15",6715,FALSE,6.26,0,0,0,73,81,66,14.1,17,1,0,0,0,0,0,0,0
"2017-09-16",4609,TRUE,5.37,0,0,0,73,79,68,14.1,17,1,1,0,0,0,0,1,0
"2017-09-17",4649,TRUE,4.92,0,0,0,71,78,67,13,16.1,1,0,0,0,0,0,0,0
"2017-09-18",6085,FALSE,9.62,0,0,0,71,77,67,15,21,1,0,0,0,0,0,0,0
"2017-09-19",4521,FALSE,18.79,0.26,0,0,72,77,69,29.1,38.9,1,0,0,0,0,0,0,0
"2017-09-20",6592,FALSE,17,0,0,0,75,81,71,28,33.1,0,0,0,0,0,0,0,0
"2017-09-21",6386,FALSE,13.65,0,0,0,76,81,71,21.9,28,0,0,0,0,0,0,0,0
"2017-09-22",5988,FALSE,18.12,0,0,0,75,83,67,25.1,32,0,0,0,0,0,0,0,0
"2017-09-23",4633,TRUE,11.41,0,0,0,77,88,68,19.9,25.1,0,0,0,0,0,0,0,0
"2017-09-24",4227,TRUE,5.59,0,0,0,77,92,65,13,17,0,0,0,0,0,0,0,0
"2017-09-25",7008,FALSE,5.14,0,0,0,74,85,65,12.1,14.1,0,0,0,0,0,0,1,0
"2017-09-26",7431,FALSE,6.26,0,0,0,71,78,67,12.1,14.1,1,0,0,0,0,0,0,0
"2017-09-27",7088,FALSE,7.38,0,0,0,75,87,69,15,19,1,0,0,0,0,0,0,0
"2017-09-28",7055,FALSE,17,0,0,0,75,80,60,25.9,32,1,1,0,0,0,0,0,0
"2017-09-29",5966,FALSE,6.93,0,0,0,62,69,54,16.1,21,0,0,0,0,0,0,1,0
"2017-09-30",3319,TRUE,14.09,0.04,0,0,61,67,54,25.1,31.1,1,0,0,0,0,0,0,0
"2017-10-01",4331,TRUE,6.93,0,0,0,58,69,50,16.1,18.1,0,0,0,0,0,0,0,0
"2017-10-02",6825,FALSE,6.93,0,0,0,62,73,52,13,17,0,0,0,0,0,0,0,0
"2017-10-03",7146,FALSE,7.83,0,0,0,60,70,51,15,21,0,0,0,0,0,0,0,0
"2017-10-04",7444,FALSE,11.86,0,0,0,62,72,55,21,25.1,0,0,0,0,0,0,0,0
"2017-10-05",6736,FALSE,12.08,0,0,0,69,83,63,18.1,21.9,0,0,0,0,0,0,0,0
"2017-10-06",5973,FALSE,7.38,0,0,0,72,81,66,14.1,17,0,0,0,0,0,0,0,0
"2017-10-07",4737,TRUE,10.74,0,0,0,70,79,63,23,29.1,1,0,0,0,0,0,0,0
"2017-10-08",2283,TRUE,14.32,0.04,0,0,71,73,70,23.9,29.1,1,0,0,0,0,0,0,0
"2017-10-09",2193,FALSE,16.78,0.34,0,0,71,76,70,32,42.1,1,0,0,0,0,0,0,0
"2017-10-10",7255,FALSE,7.38,0,0,0,74,84,66,19.9,23.9,0,0,0,0,0,0,0,0
"2017-10-11",5505,FALSE,9.4,0.02,0,0,68,77,62,21.9,27.1,0,0,0,0,0,0,0,0
"2017-10-12",4878,FALSE,15.21,0.08,0,0,61,66,54,23,29.1,1,0,0,0,0,0,0,0
"2017-10-13",5625,FALSE,11.63,0,0,0,59,67,53,19.9,23.9,1,0,0,0,0,0,0,0
"2017-10-14",3837,TRUE,6.93,0.01,0,0,65,74,60,13,15,1,0,0,0,0,0,0,0
"2017-10-15",4076,TRUE,10.07,0.01,0,0,68,74,65,21,27.1,1,0,0,0,0,0,0,0
"2017-10-16",5554,FALSE,16.55,0,0,0,62,69,46,25.9,32,0,0,0,0,0,0,0,0
"2017-10-17",5941,FALSE,10.51,0,0,0,50,60,42,18.1,23,0,0,0,0,0,0,0,0
"2017-10-18",6390,FALSE,10.29,0,0,0,58,71,50,17,21,0,0,0,0,0,0,0,0
"2017-10-19",6610,FALSE,10.74,0,0,0,61,70,51,17,21,0,0,0,0,0,0,0,0
"2017-10-20",6068,FALSE,10.51,0,0,0,65,75,56,19.9,25.9,0,0,0,0,0,0,0,0
"2017-10-21",4561,TRUE,6.04,0,0,0,63,76,48,15,18.1,0,0,0,0,0,0,0,0
"2017-10-22",4696,TRUE,4.7,0,0,0,61,72,49,13,15,0,0,0,0,0,0,0,0
"2017-10-23",6440,FALSE,12.75,0,0,0,63,73,55,23,28,1,0,0,0,0,0,0,0
"2017-10-24",2456,FALSE,21.92,0.51,0,0,69,74,65,36,45,1,0,1,0,0,0,0,0
"2017-10-25",6028,FALSE,6.49,0,0,0,63,66,58,18.1,21.9,1,0,0,0,0,0,0,0
"2017-10-26",4767,FALSE,14.32,0,0,0,57,59,50,21.9,29.1,0,0,0,0,0,0,0,0
"2017-10-27",5376,FALSE,9.62,0,0,0,54,61,46,15,19.9,0,0,0,0,0,0,0,0
"2017-10-28",4196,TRUE,11.63,0,0,0,60,68,50,23,27.1,0,0,0,0,0,0,0,0
"2017-10-29",602,TRUE,17.22,2.84,0,0,63,67,60,38,46.1,1,0,1,0,0,0,0,0
"2017-10-30",2806,FALSE,19.91,0.36,0,0,57,62,47,35.1,42.9,1,0,0,0,0,0,0,0
"2017-10-31",5377,FALSE,14.99,0,0,0,53,59,44,23,32,0,0,0,0,0,0,1,0
"2017-11-01",5253,FALSE,5.82,0,0,0,49,61,38,12.1,16.1,0,0,0,0,0,0,1,0
"2017-11-02",6171,FALSE,9.4,0,0,0,63,71,60,18.1,21.9,1,1,0,0,0,0,0,0
"2017-11-03",5819,FALSE,10.96,0,0,0,64,73,51,28,33.1,1,0,0,0,0,0,0,0
"2017-11-04",3487,TRUE,8.5,0,0,0,53,57,44,21,25.9,0,0,0,0,0,0,0,0
"2017-11-05",2030,TRUE,8.72,0.05,0,0,55,61,51,13,17,1,1,0,0,0,0,0,0
"2017-11-06",4099,FALSE,12.53,0,0,0,62,66,47,21,28,1,1,0,0,0,0,0,0
"2017-11-07",2951,FALSE,12.08,0.78,0,0,48,50,41,21,25.9,1,0,0,0,0,0,0,0
"2017-11-08",4377,FALSE,10.96,0,0,0,43,48,41,21,27.1,0,0,0,0,0,0,0,0
"2017-11-09",4889,FALSE,7.16,0,0,0,46,55,38,17,21,0,0,0,0,0,0,0,0
"2017-11-10",2575,FALSE,20.8,0,0,0,44,53,25,32,42.1,1,0,0,0,0,0,0,0
"2017-11-11",1427,TRUE,8.72,0,0,0,29,38,24,21.9,29.1,0,0,0,0,0,0,0,0
"2017-11-12",2061,TRUE,4.03,0,0,0,36,46,29,8.1,10.1,0,0,0,0,0,0,0,0
"2017-11-13",2337,FALSE,8.95,0.03,0,0,43,47,38,16.1,19,0,0,0,0,0,0,0,0
"2017-11-14",4489,FALSE,9.84,0,0,0,41,46,36,16.1,18.1,0,0,0,0,0,0,0,0
"2017-11-15",4609,FALSE,9.17,0,0,0,43,51,36,15,19,0,0,0,0,0,0,0,0
"2017-11-16",3456,FALSE,16.33,0.13,0,0,52,57,44,31.1,38.9,1,0,0,0,0,0,0,0
"2017-11-17",3696,FALSE,17.9,0,0,0,45,48,38,30,38,0,0,0,0,0,0,0,0
"2017-11-18",1613,TRUE,13.2,0.2,0,0,42,57,28,25.9,35.1,1,0,0,0,0,0,1,0
"2017-11-19",1736,TRUE,21.92,0.25,0,0,53,58,40,36.9,50.1,1,0,0,0,0,0,0,0
"2017-11-20",3766,FALSE,17.22,0,0,0,42,47,37,25.9,32,0,0,0,0,0,0,0,0
"2017-11-21",4435,FALSE,14.76,0,0,0,47,57,40,23,27.1,0,0,0,0,0,0,0,0
"2017-11-22",1959,FALSE,12.3,0.35,0,0,50,54,35,30,38,1,0,0,0,0,0,0,0
"2017-11-23",826,FALSE,9.84,0,0,0,37,43,31,23,25.9,0,0,0,0,0,0,0,0
"2017-11-24",1540,FALSE,8.05,0,0,0,40,48,33,14.1,18.1,0,0,0,0,0,0,0,0
"2017-11-25",2085,TRUE,9.62,0,0,0,45,54,37,16.1,18.1,0,0,0,0,0,0,0,0
"2017-11-26",1724,TRUE,15.21,0,0,0,48,52,40,30,36.9,0,0,0,0,0,0,0,0
"2017-11-27",4127,FALSE,13.42,0,0,0,44,52,38,23,28,0,0,0,0,0,0,0,0
"2017-11-28",4477,FALSE,9.84,0,0,0,42,52,31,21,25.9,0,0,0,0,0,0,0,0
"2017-11-29",5032,FALSE,14.54,0,0,0,52,64,40,25.9,32,0,0,0,0,0,0,0,0
"2017-11-30",4266,FALSE,6.71,0.01,0,0,43,53,35,15,17,0,0,0,0,0,0,0,0
"2017-12-01",3955,FALSE,10.51,0.01,0,0,49,53,38,21,25.9,0,0,0,0,0,0,0,0
"2017-12-02",2486,TRUE,4.25,0,0,0,42,49,35,10.1,13,0,0,0,0,0,0,0,0
"2017-12-03",2229,TRUE,5.37,0,0,0,43,49,37,8.9,11,0,0,0,0,0,0,0,0
"2017-12-04",4430,FALSE,7.61,0,0,0,44,51,35,15,19,1,0,0,0,0,0,0,0
"2017-12-05",2728,FALSE,19.46,0.3,0,0,53,58,50,28,40,1,0,0,0,0,0,0,0
"2017-12-06",3775,FALSE,14.76,0.01,0,0,49,56,40,32,38.9,1,0,0,0,0,0,0,0
"2017-12-07",3694,FALSE,16.33,0,0,0,42,45,38,25.9,33.1,0,0,0,0,0,0,0,0
"2017-12-08",2938,FALSE,9.62,0,0,0,38,40,35,16.1,21.9,0,0,0,0,0,0,0,0
"2017-12-09",640,TRUE,8.72,0.33,3.4,0,35,37,30,17,23,1,0,0,0,0,0,0,0
"2017-12-10",918,TRUE,15.66,0,0,3.1,33,38,30,23.9,29.1,0,0,0,0,0,0,0,0
"2017-12-11",3351,FALSE,11.41,0,0,2,36,41,33,25.9,32,0,0,0,0,0,0,0,0
"2017-12-12",3125,FALSE,19.01,0,0,0,44,53,31,32,40.9,0,0,0,0,0,0,0,0
"2017-12-13",2045,FALSE,23.94,0,0,0,28,32,20,36,45,0,0,0,0,0,0,0,0
"2017-12-14",1392,FALSE,12.08,0.06,1.4,1.2,27,32,22,23.9,31.1,1,0,0,0,0,0,0,0
"2017-12-15",1262,FALSE,6.71,0.1,1.3,0,24,28,20,19.9,23,1,0,0,0,0,0,0,0
"2017-12-16",863,TRUE,15.21,0,0,1.2,30,39,24,23.9,29.1,0,0,0,0,0,0,0,0
"2017-12-17",1117,TRUE,4.92,0,0,0,35,37,32,13,16.1,0,0,0,0,0,0,0,0
"2017-12-18",2865,FALSE,7.61,0.02,0,0,38,48,33,15,18.1,0,0,0,0,0,0,0,0
"2017-12-19",3724,FALSE,14.32,0,0,0,47,55,41,25.9,33.1,0,0,0,0,0,0,0,0
"2017-12-20",3116,FALSE,16.11,0,0,0,46,51,34,31.1,38,0,0,0,0,0,0,0,0
"2017-12-21",2552,FALSE,7.83,0,0,0,36,41,30,16.1,21,0,0,0,0,0,0,0,0
"2017-12-22",2233,FALSE,7.16,0,0,0,39,49,33,17,23,1,0,0,0,0,0,0,0
"2017-12-23",512,TRUE,9.62,0.62,0,0,44,52,39,29.1,36,1,0,0,0,0,0,0,0
"2017-12-24",908,TRUE,12.97,0,0,0,41,42,36,21,27.1,1,0,0,0,0,0,0,0
"2017-12-25",409,FALSE,22.37,0.17,0,0,37,40,28,40,49,1,0,0,0,0,0,0,0
"2017-12-26",878,FALSE,17.45,0,0,0,27,29,24,30,38.9,0,0,0,0,0,0,0,0
"2017-12-27",914,FALSE,13.2,0,0,0,23,25,17,23,29.1,0,0,0,0,0,0,0,0
"2017-12-28",686,FALSE,19.46,0,0,0,17,19,11,28,35.1,0,0,0,0,0,0,0,0
"2017-12-29",720,FALSE,12.3,0,0,0,16,23,12,21.9,25.1,0,0,0,0,0,0,0,0
"2017-12-30",350,TRUE,9.17,0.03,0.6,0,20,23,17,21,27.1,1,0,0,0,0,0,0,0
"2017-12-31",314,TRUE,18.57,0,0,0,17,21,9,31.1,38.9,0,0,0,0,0,0,0,0
"2018-01-01",286,FALSE,17.67,0,0,0,12,18,7,29.1,34,0,0,0,0,0,0,0,0
"2018-01-02",1107,FALSE,15.66,0,0,0,18,26,13,23,29.1,0,0,0,0,0,0,0,0
"2018-01-03",1539,FALSE,8.28,0,0,0,21,28,12,19.9,23,0,0,0,0,0,0,0,0
"2018-01-04",170,FALSE,28.19,0.49,8,1.2,25,29,19,44.1,55,1,1,0,0,0,0,0,1
"2018-01-05",303,FALSE,25.05,0,0,7.9,15,19,9,36,46.1,0,0,0,0,0,0,0,1
"2018-01-06",258,TRUE,22.15,0,0,7.9,11,14,7,31.1,38.9,0,0,0,0,0,0,0,0
"2018-01-07",318,TRUE,13.87,0,0,7.9,9,18,4,23.9,31.1,0,0,0,0,0,0,0,0
"2018-01-08",902,FALSE,13.42,0.02,0,7.9,22,32,17,23,25.9,0,0,0,1,0,1,0,0
"2018-01-09",1520,FALSE,13.42,0,0,7.1,34,43,26,25.9,30,0,0,0,0,0,0,0,0
"2018-01-10",1858,FALSE,4.92,0,0,5.1,32,39,21,8.9,12.1,0,0,0,0,0,0,0,0
"2018-01-11",2310,FALSE,2.91,0,0,3.1,41,48,37,13,16.1,1,0,0,0,0,0,0,0
"2018-01-12",1062,FALSE,16.11,0.45,0,1.2,47,54,42,29.1,38,1,1,0,0,0,0,0,0
"2018-01-13",1064,TRUE,20.58,0.08,0,0,41,53,20,33.1,40,1,1,0,0,0,0,0,0
"2018-01-14",687,TRUE,15.66,0,0,0,20,25,15,23,27.1,0,0,0,0,0,0,0,0
"2018-01-15",1034,FALSE,11.86,0,0,0,22,30,17,19.9,23.9,0,0,0,0,0,0,0,0
"2018-01-16",2009,FALSE,6.26,0,0,0,29,39,21,10.1,12.1,0,0,0,0,0,0,0,0
"2018-01-17",1062,FALSE,11.41,0.22,0.2,0,35,37,23,19.9,23,1,0,0,0,0,0,0,0
"2018-01-18",1862,FALSE,14.99,0,0,0,26,34,19,21,27.1,0,0,0,0,0,0,0,0
"2018-01-19",2182,FALSE,10.29,0,0,0,30,38,22,16.1,19.9,0,0,0,0,0,0,0,0
"2018-01-20",2029,TRUE,13.42,0,0,0,40,54,29,25.1,31.1,0,0,0,0,0,0,0,0
"2018-01-21",1975,TRUE,6.71,0,0,0,41,51,30,14.1,17,0,0,0,0,0,0,0,0
"2018-01-22",3184,FALSE,5.37,0,0,0,44,52,40,16.1,19.9,1,1,0,0,0,0,0,0
"2018-01-23",1642,FALSE,14.09,0.22,0,0,46,54,40,30,36.9,1,1,1,0,0,0,0,0
"2018-01-24",2995,FALSE,17.22,0,0,0,42,44,27,25.1,32,0,0,0,0,0,0,0,0
"2018-01-25",2204,FALSE,15.43,0,0,0,29,35,23,23.9,31.1,0,0,0,0,0,0,0,0
"2018-01-26",2220,FALSE,8.5,0,0,0,30,36,24,16.1,19,0,0,0,0,0,0,0,0
"2018-01-27",2281,TRUE,11.86,0,0,0,38,49,31,21.9,25.9,0,0,0,0,0,0,0,0
"2018-01-28",925,TRUE,5.14,0.26,0,0,46,50,42,15,19,1,0,0,0,0,0,0,0
"2018-01-29",2987,FALSE,15.21,0,0.1,0,42,44,32,21.9,28,1,0,0,0,0,0,0,0
"2018-01-30",1640,FALSE,15.21,0.1,1.4,1.2,33,36,24,29.1,36.9,1,0,0,0,0,0,0,0
"2018-01-31",2043,FALSE,13.87,0,0,0,25,32,18,23.9,29.1,0,0,0,0,0,0,0,0
"2018-02-01",2510,FALSE,8.28,0.05,0,0,35,41,31,16.1,19.9,1,0,0,0,0,0,0,0
"2018-02-02",1555,FALSE,20.13,0.21,0,0,33,40,17,35.1,44.1,1,0,0,0,0,0,0,0
"2018-02-03",933,TRUE,15.66,0,0,0,22,30,16,29.1,38,0,0,0,0,0,0,0,0
"2018-02-04",710,TRUE,10.29,0.96,0,0,35,47,30,21.9,23.9,1,0,0,0,0,0,0,0
"2018-02-05",2196,FALSE,15.43,0,0,0,38,43,23,32,38.9,1,0,0,0,0,0,0,0
"2018-02-06",2487,FALSE,5.82,0,0,0,30,36,25,13,14.1,0,0,0,0,0,0,0,0
"2018-02-07",869,FALSE,12.53,0.84,0.3,0,33,46,27,35.1,46.1,1,0,0,1,0,1,0,0
"2018-02-08",2143,FALSE,13.42,0,0,0,33,34,26,28,35.1,0,0,0,0,0,0,0,0
"2018-02-09",2047,FALSE,10.07,0,0,0,29,38,24,21.9,25.9,0,0,0,0,0,0,0,0
"2018-02-10",1079,TRUE,4.47,0.27,0,0,41,49,35,12.1,17,1,1,0,0,0,0,0,0
"2018-02-11",374,TRUE,8.95,1.13,0,0,47,51,44,25.1,31.1,1,1,0,0,0,0,0,0
"2018-02-12",2800,FALSE,14.76,0,0,0,46,58,33,25.9,32,1,1,0,0,0,0,0,0
"2018-02-13",2635,FALSE,9.84,0,0,0,32,36,25,23,28,0,0,0,0,0,0,0,0
"2018-02-14",3208,FALSE,8.95,0.06,0,0,37,47,33,16.1,19,1,0,0,0,0,0,0,0
"2018-02-15",3381,FALSE,5.82,0.15,0,0,45,52,41,13,14.1,1,0,0,0,0,0,0,0
"2018-02-16",1625,FALSE,13.42,0.11,0,0,51,59,36,36,42.9,1,1,0,0,0,0,0,0
"2018-02-17",1044,TRUE,9.62,0.48,2.2,0,35,38,28,21,23.9,1,0,0,0,0,0,0,0
"2018-02-18",1190,TRUE,10.74,0.02,0.1,2,37,45,32,32,40,1,0,0,0,0,0,0,0
"2018-02-19",1664,FALSE,8.5,0.01,0,0,39,47,30,16.1,19,1,1,0,0,0,0,0,0
"2018-02-20",3899,FALSE,6.93,0,0,0,49,64,43,16.1,21,1,1,0,0,0,0,0,0
"2018-02-21",4830,FALSE,8.95,0.03,0,0,51,65,44,19.9,23,1,1,0,0,0,0,0,0
"2018-02-22",1665,FALSE,13.87,0.11,0,0,49,58,37,23,30,1,0,0,0,0,0,0,0
"2018-02-23",1382,FALSE,8.95,0.12,0,0,38,40,36,16.1,21,1,0,0,0,0,0,0,0
"2018-02-24",1369,TRUE,9.4,0.08,0,0,45,54,40,17,21,1,0,0,0,0,0,0,0
"2018-02-25",713,TRUE,11.63,1.3,0,0,44,45,41,25.9,36,1,0,0,0,0,0,0,0
"2018-02-26",3825,FALSE,8.72,0,0,0,45,52,39,21,31.1,1,0,0,0,0,0,0,0
"2018-02-27",4560,FALSE,11.63,0,0,0,45,54,36,21,25.9,0,0,0,0,0,0,0,0
"2018-02-28",4560,FALSE,8.5,0,0,0,43,53,36,15,18.1,0,0,0,0,0,0,0,0
"2018-03-01",3241,FALSE,8.72,0.57,0,0,49,58,41,23,29.1,1,0,0,0,0,0,0,0
"2018-03-02",417,FALSE,29.97,2.16,0,0,41,45,34,51,66,1,0,0,1,0,0,0,0
"2018-03-03",1551,TRUE,28.41,0,0,0,40,48,36,38.9,51,0,0,0,0,0,0,0,0
"2018-03-04",1430,TRUE,21.7,0,0,0,41,45,34,30,38.9,0,0,0,0,0,0,0,0
"2018-03-05",3059,FALSE,19.46,0,0.1,0,37,42,32,29.1,34,0,0,0,0,0,0,0,0
"2018-03-06",3462,FALSE,10.29,0,0,0,37,43,30,18.1,23,0,0,0,0,0,0,0,0
"2018-03-07",495,FALSE,18.57,1.02,2.8,0,36,37,32,36,47,1,1,0,0,0,0,0,0
"2018-03-08",1335,FALSE,15.21,0,0,1.2,36,41,33,21.9,25.9,1,0,0,0,0,0,0,0
"2018-03-09",2199,FALSE,18.79,0,0,0,36,44,30,30,36.9,0,0,0,0,0,0,0,0
"2018-03-10",1604,TRUE,16.33,0,0,0,36,42,32,23.9,30,0,0,0,0,0,0,0,0
"2018-03-11",1701,TRUE,11.63,0,0,0,38,46,32,23,28,0,0,0,0,0,0,0,0
"2018-03-12",2839,FALSE,13.42,0.03,0,0,38,45,30,23.9,30,0,0,0,0,0,0,0,0
"2018-03-13",1075,FALSE,20.13,0.21,1.2,1.2,36,42,33,31.1,38,1,0,0,0,0,0,0,0
"2018-03-14",2580,FALSE,22.59,0,0,0,35,42,31,32,38.9,0,0,0,0,0,0,0,0
"2018-03-15",2754,FALSE,19.69,0,0,0,38,48,32,28,35.1,0,0,0,0,0,0,0,0
"2018-03-16",2419,FALSE,20.58,0,0,0,37,41,31,33.1,40,0,0,0,0,0,0,0,0
"2018-03-17",1717,TRUE,16.55,0,0,0,36,50,27,28,34,0,0,0,0,0,0,0,0
"2018-03-18",1453,TRUE,13.2,0,0,0,36,44,28,28,33.1,0,0,0,0,0,0,0,0
"2018-03-19",3186,FALSE,6.93,0,0,0,38,47,29,16.1,21,0,0,0,0,0,0,0,0
"2018-03-20",2489,FALSE,11.86,0.03,0,0,34,37,30,21.9,27.1,0,0,0,1,0,0,0,0
"2018-03-21",334,FALSE,19.01,0.88,8.4,0,35,38,31,32,40,1,0,0,1,0,0,0,0
"2018-03-22",978,FALSE,17.67,0.03,0.3,9.1,37,48,31,25.1,33.1,1,0,0,0,0,0,0,0
"2018-03-23",2512,FALSE,12.08,0,0,5.1,41,49,33,23,32,0,0,0,0,0,0,0,0
"2018-03-24",2227,TRUE,12.97,0,0,2,42,51,35,19.9,25.1,0,0,0,0,0,0,0,0
"2018-03-25",1564,TRUE,13.2,0,0,0,40,45,32,23,29.1,0,0,0,0,0,0,0,0
"2018-03-26",3577,FALSE,8.95,0,0,0,38,47,29,21,25.9,0,0,0,0,0,0,0,0
"2018-03-27",3465,FALSE,6.26,0,0,0,36,42,30,13,17,0,0,0,0,0,0,0,0
"2018-03-28",3129,FALSE,7.38,0.03,0,0,41,49,37,16.1,18.1,1,0,0,0,0,0,0,0
"2018-03-29",2871,FALSE,5.59,0.03,0,0,46,49,44,15,18.1,1,1,0,0,0,0,0,0
"2018-03-30",2073,FALSE,13.87,0.09,0,0,49,62,43,23.9,31.1,1,0,0,0,0,0,0,0
"2018-03-31",2916,TRUE,15.88,0,0,0,45,52,37,25.1,32,0,0,0,0,0,0,0,0
"2018-04-01",2181,TRUE,12.75,0,0,0,48,63,41,23.9,28,0,0,0,0,0,0,0,0
"2018-04-02",978,FALSE,9.4,0.33,3.7,2,39,42,32,18.1,21.9,1,0,0,0,0,0,0,0
"2018-04-03",1592,FALSE,8.05,0.14,0,0,39,42,34,17,19.9,1,0,0,0,0,0,0,0
"2018-04-04",2274,FALSE,17.45,0.17,0,0,46,57,40,38,52.1,1,1,0,0,0,0,0,0
"2018-04-05",3121,FALSE,18.34,0,0,0,41,46,33,29.1,38,0,0,0,0,0,0,0,0
"2018-04-06",2110,FALSE,12.08,0.08,0,0,41,53,32,30,35.1,1,0,0,0,0,0,0,0
"2018-04-07",1990,TRUE,12.97,0,0,0,44,48,37,25.1,30,0,0,0,0,0,0,0,0
"2018-04-08",1995,TRUE,17.67,0,0,0,38,46,32,29.1,38,0,0,0,0,0,0,0,0
"2018-04-09",3323,FALSE,12.53,0,0,0,37,45,30,21.9,25.9,0,0,0,0,0,0,0,0
"2018-04-10",3185,FALSE,10.51,0.01,0,0,42,51,37,19.9,28,1,0,0,0,0,0,1,0
"2018-04-11",4352,FALSE,10.29,0,0,0,42,49,31,21,23,0,0,0,0,0,0,0,0
"2018-04-12",4613,FALSE,13.87,0,0,0,46,54,40,31.1,38,0,0,0,0,0,0,0,0
"2018-04-13",5729,FALSE,12.75,0,0,0,56,70,48,21,25.1,0,0,0,0,0,0,0,0
"2018-04-14",5395,TRUE,12.3,0,0,0,55,67,45,32,40.9,1,0,0,0,0,0,1,0
"2018-04-15",1032,TRUE,20.36,0.25,0,0,43,45,38,28,36,1,0,0,0,0,0,0,0
"2018-04-16",1251,FALSE,24.16,1.53,0,0,47,57,40,40.9,50.1,1,0,1,0,0,0,0,0
"2018-04-17",3772,FALSE,17.9,0,0,0,45,48,39,25.9,33.1,0,0,0,0,0,0,0,0
"2018-04-18",4521,FALSE,14.99,0,0,0,44,53,37,23,28,0,0,0,0,0,0,0,0
"2018-04-19",2664,FALSE,14.09,0.15,0,0,45,48,38,29.1,36.9,1,0,0,0,0,0,0,0
"2018-04-20",3709,FALSE,18.79,0,0,0,43,52,36,28,34,0,0,0,0,0,0,0,0
"2018-04-21",3975,TRUE,11.63,0,0,0,47,61,38,23,28,0,0,0,0,0,0,0,0
"2018-04-22",4311,TRUE,10.51,0,0,0,51,61,41,23,27.1,0,0,0,0,0,0,0,0
"2018-04-23",6043,FALSE,8.28,0,0,0,50,61,39,18.1,21,0,0,0,0,0,0,0,0
"2018-04-24",5857,FALSE,12.3,0,0,0,51,62,41,23,28,1,0,0,0,0,0,0,0
"2018-04-25",1717,FALSE,11.63,0.34,0,0,54,57,51,25.1,34,1,1,0,0,0,0,0,0
"2018-04-26",6654,FALSE,12.53,0.04,0,0,58,68,51,23,29.1,1,0,0,0,0,0,0,0
"2018-04-27",2578,FALSE,8.5,0.12,0,0,54,56,48,21.9,28,1,0,0,0,0,0,0,0
"2018-04-28",4830,TRUE,9.62,0.01,0,0,52,60,45,19.9,23,1,1,0,0,0,0,1,0
"2018-04-29",3554,TRUE,14.76,0.13,0,0,54,59,47,25.9,32,1,0,0,0,0,0,0,0
"2018-04-30",3875,FALSE,16.11,0,0,0,49,53,46,32,40,0,0,0,0,0,0,0,0
"2018-05-01",8035,FALSE,10.51,0,0,0,58,76,47,21.9,28,0,0,0,0,0,0,0,0
"2018-05-02",8380,FALSE,11.41,0,0,0,67,83,53,21,28,0,0,0,0,0,0,0,0
"2018-05-03",7179,FALSE,11.41,0,0,0,70,84,59,21.9,27.1,0,0,0,0,0,0,0,0
"2018-05-04",6823,FALSE,12.53,0,0,0,68,78,58,28,35.1,1,0,0,0,0,0,0,0
"2018-05-05",5656,TRUE,14.32,0,0,0,66,76,56,25.9,34,0,0,0,0,0,0,0,0
"2018-05-06",3638,TRUE,7.38,0,0,0,60,66,56,18.1,21.9,0,0,0,0,0,0,0,0
"2018-05-07",7267,FALSE,8.5,0,0,0,61,73,52,16.1,19.9,0,0,0,0,0,0,0,0
"2018-05-08",7959,FALSE,6.71,0,0,0,58,67,50,15,0,0,0,0,0,0,0,0,0
"2018-05-09",7930,FALSE,6.49,0,0,0,56,63,49,14.1,0,1,1,0,0,0,0,0,0
"2018-05-10",5638,FALSE,8.28,0.01,0,0,56,62,53,23,29.1,1,1,1,0,0,0,0,0
"2018-05-11",6849,FALSE,11.41,0,0,0,65,74,58,18.1,28,0,0,0,0,0,0,0,0
"2018-05-12",1864,TRUE,8.05,0.25,0,0,60,65,52,16.1,18.1,1,0,0,0,0,0,0,0
"2018-05-13",1347,TRUE,8.05,0.16,0,0,53,54,51,17,21.9,1,0,0,0,0,0,0,0
"2018-05-14",5665,FALSE,7.16,0.12,0,0,55,64,51,15,18.1,1,1,0,0,0,0,0,0
"2018-05-15",4648,FALSE,10.96,0.44,0,0,63,76,56,44.1,55,1,1,1,0,0,0,0,0
"2018-05-16",2269,FALSE,10.07,0.33,0,0,62,65,56,21.9,29.1,1,0,0,0,0,0,0,0
"2018-05-17",3159,FALSE,5.37,0.72,0,0,59,67,55,14.1,16.1,1,0,0,0,0,0,0,0
"2018-05-18",5104,FALSE,12.08,0,0,0,61,64,55,23.9,33.1,1,1,0,0,0,0,0,0
"2018-05-19",926,TRUE,8.95,0.75,0,0,54,57,50,21,25.9,1,1,0,0,0,0,0,0
"2018-05-20",3649,TRUE,12.97,0,0,0,67,83,57,23,32,1,1,0,0,0,0,0,0
"2018-05-21",7894,FALSE,9.62,0,0,0,67,73,57,19.9,23.9,0,0,0,0,0,0,0,0
"2018-05-22",3792,FALSE,5.59,0.17,0,0,60,65,56,14.1,16.1,1,0,0,0,0,0,0,0
"2018-05-23",7494,FALSE,8.72,0.2,0,0,66,82,57,18.1,23.9,1,0,1,0,0,0,0,0
"2018-05-24",7613,FALSE,11.41,0,0,0,74,82,61,23,29.1,0,0,0,0,0,0,0,0
"2018-05-25",6419,FALSE,12.75,0,0,0,69,82,60,21,25.1,0,0,0,0,0,0,0,0
"2018-05-26",3935,TRUE,8.5,0,0,0,73,81,67,19.9,23,0,0,0,0,0,0,0,0
"2018-05-27",1328,TRUE,13.42,0.89,0,0,65,71,55,25.9,32,1,0,1,0,0,0,0,0
"2018-05-28",3697,FALSE,7.61,0,0,0,57,63,54,15,19,0,0,0,0,0,0,0,0
"2018-05-29",7229,FALSE,8.05,0,0,0,66,79,60,15,17,0,0,0,0,0,0,0,0
"2018-05-30",7253,FALSE,8.05,0,0,0,64,69,57,17,21,1,1,0,0,0,0,0,0
"2018-05-31",4473,FALSE,6.71,0.03,0,0,63,67,60,14.1,17,1,1,0,0,0,0,0,0
"2018-06-01",4115,FALSE,4.7,1.18,0,0,67,75,63,10.1,13,1,1,0,0,0,0,0,0
"2018-06-02",4333,TRUE,10.07,0,0,0,75,86,64,23,29.1,1,0,1,0,0,0,0,0
"2018-06-03",3576,TRUE,15.88,0.11,0,0,63,64,51,25.1,32,1,0,0,0,0,0,0,0
"2018-06-04",4781,FALSE,8.5,0.61,0,0,57,71,51,17,23.9,1,0,0,0,0,0,0,0
"2018-06-05",7581,FALSE,9.84,0,0,0,64,76,53,21,28,1,0,0,0,0,0,0,0
"2018-06-06",7253,FALSE,8.72,0,0,0,63,71,56,16.1,19.9,0,0,0,0,0,0,0,0
"2018-06-07",7033,FALSE,8.95,0,0,0,60,66,58,17,19,0,0,0,0,0,0,0,0
"2018-06-08",6443,FALSE,9.4,0,0,0,65,74,58,18.1,21.9,0,0,0,0,0,0,0,0
"2018-06-09",4827,TRUE,6.49,0,0,0,71,79,65,13,18.1,0,0,0,0,0,0,0,0
"2018-06-10",2453,TRUE,6.04,0.02,0,0,68,72,57,14.1,17,0,0,0,0,0,0,0,0
"2018-06-11",6645,FALSE,8.05,0.02,0,0,62,69,56,18.1,21.9,0,0,0,0,0,0,0,0
"2018-06-12",8058,FALSE,10.51,0,0,0,61,69,52,23,28,0,0,0,0,0,0,0,0
"2018-06-13",5342,FALSE,11.18,0.04,0,0,65,73,62,19.9,25.9,1,0,0,0,0,0,0,0
"2018-06-14",7457,FALSE,17.22,0,0,0,76,85,68,25.1,35.1,0,0,0,0,0,0,0,0
"2018-06-15",6286,FALSE,12.3,0,0,0,71,77,61,25.1,32,0,0,0,0,0,0,0,0
"2018-06-16",4532,TRUE,10.07,0,0,0,71,82,60,21,23.9,0,0,0,0,0,0,0,0
"2018-06-17",2995,TRUE,8.5,0,0,0,74,87,63,16.1,21,0,0,0,0,0,0,0,0
"2018-06-18",6028,FALSE,13.87,0.43,0,0,73,80,67,35.1,44.1,1,0,1,0,0,0,0,0
"2018-06-19",6640,FALSE,10.07,0.02,0,0,80,89,72,23,27.1,0,0,0,0,0,0,1,0
"2018-06-20",7213,FALSE,8.5,0.01,0,0,73,78,67,18.1,21.9,1,0,0,0,0,0,0,0
"2018-06-21",6134,FALSE,7.83,0.28,0,0,72,82,66,16.1,21,1,0,0,0,0,0,0,0
"2018-06-22",6225,FALSE,11.18,0.04,0,0,68,71,63,21,25.1,1,0,0,0,0,0,0,0
"2018-06-23",2824,TRUE,8.05,0,0,0,65,67,63,16.1,21.9,0,0,0,0,0,0,0,0
"2018-06-24",4107,TRUE,9.62,0.17,0,0,69,77,65,21,25.1,1,0,1,0,0,0,0,0
"2018-06-25",6969,FALSE,11.41,0,0,0,75,82,65,25.1,34,0,0,0,0,0,0,0,0
"2018-06-26",7910,FALSE,11.63,0,0,0,68,73,61,18.1,23.9,0,0,0,0,0,0,0,0
"2018-06-27",6293,FALSE,12.53,0.02,0,0,69,73,63,21,25.9,1,0,0,0,0,0,0,0
"2018-06-28",3489,FALSE,11.18,0.93,0,0,72,80,70,23.9,31.1,1,0,1,0,0,0,0,0
"2018-06-29",5744,FALSE,8.95,0,0,0,78,91,70,18.1,23,0,0,0,0,0,0,0,0
"2018-06-30",3869,TRUE,6.93,0,0,0,82,88,70,15,18.1,0,0,0,0,0,0,0,0
"2018-07-01",2678,TRUE,6.71,0,0,0,82,94,73,13,16.1,0,0,0,0,0,0,0,0
"2018-07-02",5057,FALSE,6.93,0,0,0,82,91,74,16.1,19.9,0,0,0,0,0,0,0,0
"2018-07-03",4510,FALSE,6.49,0.01,0,0,78,86,74,14.1,17,1,1,0,0,0,0,0,0
"2018-07-04",2560,FALSE,6.71,0,0,0,79,86,75,14.1,15,1,0,0,0,0,0,0,0
"2018-07-05",4774,FALSE,12.75,0,0,0,79,86,75,28,33.1,0,0,0,0,0,0,0,0
"2018-07-06",2997,FALSE,13.2,0.11,0,0,78,84,69,30,36.9,1,0,1,0,0,0,0,0
"2018-07-07",4505,TRUE,10.07,0,0,0,71,75,61,25.1,34,0,0,0,0,0,0,0,0
"2018-07-08",4576,TRUE,6.71,0,0,0,69,78,59,13,17,0,0,0,0,0,0,0,0
"2018-07-09",7012,FALSE,11.41,0,0,0,72,83,64,21.9,25.9,0,0,0,0,0,0,0,0
"2018-07-10",6906,FALSE,9.62,0,0,0,77,89,67,18.1,21.9,0,0,0,0,0,0,0,0
"2018-07-11",6693,FALSE,10.07,0,0,0,78,88,70,18.1,23,0,0,0,0,0,0,0,0
"2018-07-12",6888,FALSE,7.16,0,0,0,74,83,68,13,17,0,0,0,0,0,0,0,0
"2018-07-13",6048,FALSE,9.84,0,0,0,74,81,65,17,19.9,0,0,0,0,0,0,0,0
"2018-07-14",4309,TRUE,12.08,0.28,0,0,76,85,67,33.1,40.9,1,0,1,0,0,0,0,0
"2018-07-15",3056,TRUE,9.17,0.6,0,0,75,82,69,17,21,1,0,1,0,0,0,0,0
"2018-07-16",6152,FALSE,11.18,0,0,0,78,87,73,23.9,30,1,0,0,0,0,0,1,0
"2018-07-17",3659,FALSE,10.51,0.68,0,0,76,83,71,25.1,33.1,1,0,1,0,0,0,0,0
"2018-07-18",6885,FALSE,12.75,0,0,0,76,87,68,23.9,29.1,0,0,0,0,0,0,0,0
"2018-07-19",7318,FALSE,8.72,0,0,0,75,81,66,14.1,16.1,0,0,0,0,0,0,0,0
"2018-07-20",6214,FALSE,8.5,0,0,0,74,80,66,16.1,19.9,0,0,0,0,0,0,0,0
"2018-07-21",3667,TRUE,14.32,0.58,0,0,72,77,66,28,36,1,0,0,0,0,0,0,0
"2018-07-22",2650,TRUE,19.01,0.93,0,0,73,78,71,33.1,44.1,1,0,0,0,0,0,0,0
"2018-07-23",2955,FALSE,16.78,0.07,0,0,75,79,73,23.9,33.1,1,0,0,0,0,0,0,0
"2018-07-24",5963,FALSE,17.22,0,0,0,77,83,74,23,31.1,0,0,0,0,0,0,0,0
"2018-07-25",2213,FALSE,15.66,0.3,0,0,76,81,72,25.1,32,1,0,0,0,0,0,0,0
"2018-07-26",5969,FALSE,10.96,0,0,0,77,85,72,17,21,0,0,0,0,0,0,0,0
"2018-07-27",4199,FALSE,7.61,1.17,0,0,78,86,69,33.1,40,1,0,1,0,0,0,0,0
"2018-07-28",4085,TRUE,6.71,0,0,0,76,85,71,17,19.9,0,0,0,0,0,0,0,0
"2018-07-29",4302,TRUE,11.41,0,0,0,77,83,71,18.1,21.9,0,0,0,0,0,0,0,0
"2018-07-30",6457,FALSE,6.04,0.02,0,0,75,81,69,18.1,23,1,0,0,0,0,0,0,0
"2018-07-31",7102,FALSE,7.83,0,0,0,73,79,67,15,18.1,0,0,0,0,0,0,0,0
"2018-08-01",4331,FALSE,15.43,0.02,0,0,78,84,75,28,35.1,0,0,0,0,0,0,0,0
"2018-08-02",5577,FALSE,14.32,0.02,0,0,80,85,76,29.1,34,1,0,0,0,0,0,0,0
"2018-08-03",4350,FALSE,11.18,0.05,0,0,78,84,73,25.1,30,1,0,1,0,0,0,0,0
"2018-08-04",2831,TRUE,10.96,0.17,0,0,77,86,73,21,25.1,1,0,0,0,0,0,0,0
"2018-08-05",3856,TRUE,7.83,0,0,0,81,88,73,17,23,0,0,0,0,0,0,0,0
"2018-08-06",5753,FALSE,10.74,0,0,0,82,89,75,21.9,25.9,0,0,0,0,0,0,0,0
"2018-08-07",5627,FALSE,12.3,0.74,0,0,80,85,72,28,33.1,1,0,1,0,0,0,0,0
"2018-08-08",5702,FALSE,9.62,0.01,0,0,78,85,73,21,23.9,1,0,0,0,0,0,0,0
"2018-08-09",6045,FALSE,9.62,0.3,0,0,82,90,74,21.9,27.1,1,0,1,0,0,0,0,0
"2018-08-10",5398,FALSE,8.28,0,0,0,80,86,69,21.9,25.9,0,0,0,0,0,0,0,0
"2018-08-11",1483,TRUE,7.61,0.33,0,0,75,79,70,21.9,25.9,1,0,1,0,0,0,0,0
"2018-08-12",3514,TRUE,6.49,1.84,0,0,76,83,71,19.9,30,1,1,1,0,0,0,0,0
"2018-08-13",2716,FALSE,9.17,0.6,0,0,74,77,71,16.1,21.9,1,0,0,0,0,0,0,0
"2018-08-14",5319,FALSE,9.62,0.14,0,0,75,82,70,21,23.9,1,0,1,0,0,0,0,0
"2018-08-15",6388,FALSE,11.41,0,0,0,78,89,71,17,25.9,0,0,0,0,0,0,0,0
"2018-08-16",6090,FALSE,9.4,0,0,0,82,89,74,17,21,0,0,0,0,0,0,0,0
"2018-08-17",4832,FALSE,11.41,0.03,0,0,80,85,74,23.9,31.1,1,0,1,0,0,0,0,0
"2018-08-18",3576,TRUE,10.29,0.14,0,0,79,86,71,23,28,1,0,1,0,0,0,0,0
"2018-08-19",2599,TRUE,11.41,0.02,0,0,71,73,67,21.9,29.1,0,0,0,0,0,0,0,0
"2018-08-20",6217,FALSE,7.16,0,0,0,70,74,67,16.1,19,0,0,0,0,0,0,0,0
"2018-08-21",6886,FALSE,10.07,0,0,0,70,76,64,16.1,21,0,0,0,0,0,0,0,0
"2018-08-22",5912,FALSE,13.2,0.26,0,0,77,86,71,25.1,30,1,0,0,0,0,0,0,0
"2018-08-23",6315,FALSE,11.18,0.01,0,0,74,80,66,19.9,25.1,0,0,0,0,0,0,0,0
"2018-08-24",5729,FALSE,6.49,0,0,0,74,81,62,16.1,18.1,0,0,0,0,0,0,0,0
"2018-08-25",4445,TRUE,6.49,0,0,0,73,79,64,13,17,0,0,0,0,0,0,0,0
"2018-08-26",4270,TRUE,11.41,0,0,0,73,81,66,21,25.9,0,0,0,0,0,0,0,0
"2018-08-27",6028,FALSE,8.72,0,0,0,79,87,73,17,19,0,0,0,0,0,0,0,0
"2018-08-28",5640,FALSE,10.29,0,0,0,82,90,76,21,23.9,1,0,0,0,0,0,1,0
"2018-08-29",5113,FALSE,9.84,0,0,0,84,92,73,16.1,19.9,0,0,0,0,0,0,0,0
"2018-08-30",5355,FALSE,10.51,0,0,0,83,92,77,18.1,23,1,0,0,0,0,0,0,0
"2018-08-31",4311,FALSE,13.65,0,0,0,76,77,71,21,25.9,1,0,0,0,0,0,0,0
"2018-09-01",3748,TRUE,8.72,0.01,0,0,72,77,68,16.1,19.9,0,0,0,0,0,0,0,0
"2018-09-02",3763,TRUE,7.38,0,0,0,72,80,64,14.1,18.1,0,0,0,0,0,0,0,0
"2018-09-03",3347,FALSE,9.84,0,0,0,78,84,75,17,21,0,0,0,0,0,0,0,0
"2018-09-04",5725,FALSE,6.49,0,0,0,83,93,76,13,16.1,0,0,0,0,0,0,0,0
"2018-09-05",6199,FALSE,8.28,0,0,0,80,87,74,14.1,17,1,0,0,0,0,0,0,0
"2018-09-06",5394,FALSE,10.51,0.69,0,0,80,89,73,25.9,32,1,0,1,0,0,0,0,0
"2018-09-07",5550,FALSE,8.95,0,0,0,74,77,70,14.1,18.1,0,0,0,0,0,0,0,0
"2018-09-08",3928,TRUE,12.08,0.04,0,0,69,72,62,19.9,25.1,1,0,0,0,0,0,0,0
"2018-09-09",1419,TRUE,12.53,0.44,0,0,61,63,56,18.1,23.9,1,0,0,0,0,0,0,0
"2018-09-10",1602,FALSE,14.54,1.25,0,0,60,65,56,25.1,34,1,0,0,0,0,0,0,0
"2018-09-11",4495,FALSE,4.03,0.27,0,0,68,76,64,8.9,11,1,1,0,0,0,0,0,0
"2018-09-12",3973,FALSE,3.8,0.04,0,0,74,79,71,12.1,14.1,1,1,0,0,0,0,0,0
"2018-09-13",4925,FALSE,9.17,0.11,0,0,72,78,69,14.1,18.1,1,0,0,0,0,0,0,0
"2018-09-14",5636,FALSE,9.17,0,0,0,71,78,67,17,21,0,0,0,0,0,0,0,0
"2018-09-15",4679,TRUE,5.37,0,0,0,71,79,65,12.1,15,0,0,0,0,0,0,0,0
"2018-09-16",4904,TRUE,5.37,0,0,0,72,80,64,13,16.1,0,0,0,0,0,0,0,0
"2018-09-17",5832,FALSE,8.95,0,0,0,72,79,65,18.1,25.1,0,0,0,0,0,0,0,0
"2018-09-18",3560,FALSE,12.3,0.67,0,0,75,81,70,23.9,30,1,0,1,0,0,0,0,0
"2018-09-19",6538,FALSE,9.84,0,0,0,74,84,67,17,21.9,0,0,0,0,0,0,0,0
"2018-09-20",6430,FALSE,6.93,0,0,0,68,73,64,14.1,18.1,0,0,0,0,0,0,0,0
"2018-09-21",5747,FALSE,14.76,0,0,0,69,73,67,23.9,29.1,0,0,0,0,0,0,0,0
"2018-09-22",4778,TRUE,12.75,0,0,0,72,75,63,25.9,34,0,0,0,0,0,0,0,0
"2018-09-23",3404,TRUE,6.04,0.04,0,0,63,69,61,10.1,13,1,0,0,0,0,0,0,0
"2018-09-24",6228,FALSE,13.42,0,0,0,63,71,57,25.1,33.1,0,0,0,0,0,0,0,0
"2018-09-25",1648,FALSE,14.99,0.81,0,0,65,73,58,28,35.1,1,0,0,0,0,0,0,0
"2018-09-26",4307,FALSE,13.42,0.36,0,0,73,79,64,21,27.1,1,0,1,0,0,0,0,0
"2018-09-27",6183,FALSE,12.75,0,0,0,69,75,61,19.9,28,0,0,0,0,0,0,0,0
"2018-09-28",3472,FALSE,10.51,1.26,0,0,62,65,56,23.9,31.1,1,0,0,0,0,0,0,0
"2018-09-29",4782,TRUE,7.61,0,0,0,65,76,58,15,19,0,0,0,0,0,0,0,0
"2018-09-30",4485,TRUE,7.61,0,0,0,63,70,54,13,16.1,0,0,0,0,0,0,0,0
"2018-10-01",6424,FALSE,10.74,0,0,0,68,75,63,17,21,0,0,0,0,0,0,0,0
"2018-10-02",6254,FALSE,12.75,0.33,0,0,70,77,65,32,40,1,0,1,0,0,0,0,0
"2018-10-03",6598,FALSE,8.72,0,0,0,70,78,63,17,23,0,0,1,0,0,0,0,0
"2018-10-04",6086,FALSE,7.38,0.04,0,0,67,75,59,18.1,21.9,1,0,0,0,0,0,0,0
"2018-10-05",5707,FALSE,10.51,0,0,0,67,71,61,21.9,27.1,0,0,0,0,0,0,0,0
"2018-10-06",3676,TRUE,9.62,0,0,0,64,69,63,16.1,19,0,0,0,0,0,0,0,0
"2018-10-07",4023,TRUE,7.61,0,0,0,71,80,69,15,18.1,0,0,0,0,0,0,0,0
"2018-10-08",4309,FALSE,10.51,0,0,0,67,71,64,17,23,1,0,0,0,0,0,0,0
"2018-10-09",6228,FALSE,6.71,0,0,0,69,74,67,13,17,0,0,0,0,0,0,0,0
"2018-10-10",6523,FALSE,8.05,0,0,0,70,77,66,16.1,19.9,1,1,0,0,0,0,0,0
"2018-10-11",2672,FALSE,10.96,1.03,0,0,72,76,67,32,38,1,0,1,0,0,0,0,0
"2018-10-12",4954,FALSE,18.34,0.77,0,0,64,70,51,32,44.1,1,0,0,0,0,0,0,0
"2018-10-13",2802,TRUE,8.5,0.05,0,0,53,58,48,17,23,0,0,0,0,0,0,0,0
"2018-10-14",3632,TRUE,6.71,0,0,0,53,59,46,15,21,0,0,0,0,0,0,0,0
"2018-10-15",3904,FALSE,12.53,0.07,0,0,59,68,52,30,38,1,0,0,0,0,0,0,0
"2018-10-16",5758,FALSE,16.11,0.01,0,0,56,62,47,28,36,1,0,0,0,0,0,0,0
"2018-10-17",5354,FALSE,18.57,0,0,0,55,63,47,31.1,38,0,0,0,0,0,0,0,0
"2018-10-18",4669,FALSE,15.21,0,0,0,48,52,41,29.1,36,0,0,0,0,0,0,0,0
"2018-10-19",4836,FALSE,13.87,0,0,0,50,60,41,23.9,30,0,0,0,0,0,0,0,0
"2018-10-20",3303,TRUE,14.09,0.08,0,0,58,63,52,21.9,27.1,1,0,0,0,0,0,0,0
"2018-10-21",2321,TRUE,19.69,0.01,0,0,49,53,40,35.1,42.1,1,0,0,0,0,0,0,0
"2018-10-22",4855,FALSE,11.18,0,0,0,44,52,39,21,23.9,0,0,0,0,0,0,0,0
"2018-10-23",5893,FALSE,11.86,0,0,0,54,63,47,25.9,36,0,0,0,0,0,0,0,0
"2018-10-24",5380,FALSE,17,0,0,0,51,56,44,28,35.1,0,0,0,0,0,0,0,0
"2018-10-25",4915,FALSE,13.42,0,0,0,47,53,40,23.9,30,0,0,0,0,0,0,0,0
"2018-10-26",4335,FALSE,5.59,0.03,0,0,43,49,36,18.1,23,0,0,0,0,0,0,0,0
"2018-10-27",607,TRUE,20.58,0.84,0,0,48,58,43,35.1,42.9,1,0,0,0,0,0,1,0
"2018-10-28",2615,TRUE,11.86,0.05,0,0,50,54,46,16.1,0,1,0,0,0,0,0,0,0
"2018-10-29",4920,FALSE,15.88,0.01,0,0,53,58,47,23.9,31.1,0,0,0,0,0,0,0,0
"2018-10-30",5569,FALSE,12.3,0,0,0,50,57,43,23,29.1,0,0,0,0,0,0,0,0
"2018-10-31",5509,FALSE,9.62,0,0,0,51,63,38,25.1,31.1,0,0,0,0,0,0,0,0
"2018-11-01",6334,FALSE,10.51,0,0,0,58,66,51,23,29.1,0,0,0,0,0,0,0,0
"2018-11-02",3673,FALSE,20.58,0.06,0,0,63,66,62,30,36.9,1,1,0,0,0,0,0,0
"2018-11-03",2461,TRUE,17.9,0.24,0,0,59,64,49,35.1,45,1,0,0,0,0,0,0,0
"2018-11-04",3257,TRUE,6.93,0,0,0,50,57,43,15,18.1,0,0,0,0,0,0,0,0
"2018-11-05",1808,FALSE,12.53,0.27,0,0,49,55,44,21,27.1,1,0,0,0,0,0,0,0
"2018-11-06",2138,FALSE,8.5,0.49,0,0,53,61,50,23,33.1,1,1,0,0,0,0,0,0
"2018-11-07",5796,FALSE,14.99,0,0,0,57,63,50,21.9,28,0,0,0,0,0,0,0,0
"2018-11-08",5399,FALSE,10.51,0,0,0,53,58,43,21,28,0,0,0,0,0,0,0,0
"2018-11-09",2176,FALSE,10.51,0.86,0,0,47,52,39,21,27.1,1,0,0,0,0,0,0,0
"2018-11-10",2103,TRUE,18.12,0.01,0,0,47,51,35,31.1,40,1,0,0,0,0,0,0,0
"2018-11-11",2137,TRUE,9.84,0,0,0,40,47,34,18.1,23.9,0,0,0,0,0,0,0,0
"2018-11-12",3910,FALSE,3.8,0.04,0,0,41,49,30,10.1,14.1,1,0,0,0,0,0,0,0
"2018-11-13",1969,FALSE,14.09,1.16,0,0,48,58,43,25.9,33.1,1,0,0,0,0,0,0,0
"2018-11-14",3919,FALSE,17,0,0,0,40,44,32,29.1,36,0,0,0,0,0,0,0,0
"2018-11-15",1230,FALSE,15.21,0.89,4.8,0,33,37,31,33.1,44.1,1,1,0,1,0,0,0,0
"2018-11-16",1470,FALSE,20.8,0.16,0,1.2,40,47,35,36.9,45,1,0,0,0,0,0,0,0
"2018-11-17",2109,TRUE,14.32,0,0,0,43,50,38,21,25.1,0,0,0,0,0,0,0,0
"2018-11-18",1906,TRUE,6.26,0,0,0,42,44,39,16.1,21.9,0,0,0,0,0,0,0,0
"2018-11-19",4133,FALSE,4.47,0,0,0,44,52,38,12.1,14.1,1,0,0,0,0,0,1,0
"2018-11-20",3585,FALSE,10.74,0.01,0,0,46,49,38,23.9,33.1,1,0,0,0,0,0,1,0
"2018-11-21",2941,FALSE,18.57,0,0,0,41,46,27,30,38,1,0,0,0,0,0,0,0
"2018-11-22",451,FALSE,19.01,0,0,0,27,29,18,31.1,36.9,0,0,0,0,0,0,0,0
"2018-11-23",846,FALSE,8.28,0,0,0,22,32,15,15,19,0,0,0,0,0,0,0,0
"2018-11-24",962,TRUE,8.5,1.2,0,0,36,51,27,29.1,35.1,1,0,0,0,0,0,0,0
"2018-11-25",2003,TRUE,12.3,1.22,0,0,50,56,45,38.9,46.1,1,0,0,0,0,0,0,0
"2018-11-26",1831,FALSE,12.3,1.17,0,0,48,52,40,29.1,34,1,0,0,0,0,0,0,0
"2018-11-27",3743,FALSE,20.13,0,0,0,44,48,37,30,36.9,1,0,0,0,0,0,0,0
"2018-11-28",3398,FALSE,20.8,0,0,0,39,42,36,32,40,0,0,0,0,0,0,0,0
"2018-11-29",3679,FALSE,19.01,0,0,0,42,48,38,33.1,40.9,0,0,0,0,0,0,0,0
"2018-11-30",2816,FALSE,4.25,0.02,0,0,39,42,35,12.1,14.1,0,0,0,0,0,0,0,0
"2018-12-01",2010,TRUE,5.59,0.06,0,0,40,46,34,14.1,17,1,0,0,0,0,0,0,0
"2018-12-02",775,TRUE,8.05,0.87,0,0,48,55,44,18.1,21.9,1,1,0,0,0,0,0,0
"2018-12-03",4501,FALSE,14.09,0,0,0,53,56,46,23.9,31.1,1,1,0,0,0,0,0,0
"2018-12-04",3662,FALSE,16.33,0,0,0,42,46,30,25.1,31.1,0,0,0,0,0,0,0,0
"2018-12-05",3235,FALSE,8.05,0,0,0,32,36,26,16.1,19.9,0,0,0,0,0,0,0,0
"2018-12-06",3170,FALSE,14.76,0,0,0,35,40,30,25.1,32,0,0,0,0,0,0,0,0
"2018-12-07",2787,FALSE,15.21,0,0,0,37,40,26,23.9,36,0,0,0,0,0,0,0,0
"2018-12-08",1458,TRUE,10.74,0,0,0,30,37,24,19.9,23,0,0,0,0,0,0,0,0
"2018-12-09",1348,TRUE,4.92,0,0,0,31,36,24,13,16.1,0,0,0,0,0,0,0,0
"2018-12-10",3145,FALSE,9.84,0,0,0,33,40,28,21,25.9,0,0,0,0,0,0,0,0
"2018-12-11",3351,FALSE,7.16,0,0,0,33,40,27,17,21.9,0,0,0,0,0,0,0,0
"2018-12-12",3499,FALSE,11.41,0,0,0,36,42,30,21.9,25.9,0,0,0,0,0,0,0,0
"2018-12-13",2224,FALSE,9.4,0.09,0,0,35,44,32,16.1,19,1,0,0,0,1,0,0,0
"2018-12-14",2902,FALSE,7.61,0.11,0,0,45,51,42,15,18.1,1,0,0,0,0,0,0,0
"2018-12-15",1532,TRUE,10.51,0.15,0,0,49,52,47,31.1,36.9,1,0,0,0,0,0,0,0
"2018-12-16",494,TRUE,18.12,1.16,0,0,44,47,37,28,36.9,1,0,0,0,0,0,0,0
"2018-12-17",3276,FALSE,18.34,0,0,0,41,49,38,36,45,1,0,0,0,0,0,0,0
"2018-12-18",2756,FALSE,21.03,0,0,0,37,41,28,38,51,0,0,0,0,0,0,0,0
"2018-12-19",2877,FALSE,8.5,0,0,0,32,41,24,18.1,21,0,0,0,0,0,0,0,0
"2018-12-20",1915,FALSE,6.71,0.28,0,0,38,52,30,19.9,25.1,1,0,0,0,0,0,0,0
"2018-12-21",1077,FALSE,19.01,1.73,0,0,53,57,51,31.1,42.9,1,1,0,0,0,0,0,0
"2018-12-22",1518,TRUE,20.8,0.02,0,0,48,51,40,32,42.9,1,0,0,0,0,0,0,0
"2018-12-23",1192,TRUE,9.62,0.01,0,0,40,44,36,28,34,0,0,0,0,0,0,0,0
"2018-12-24",923,FALSE,10.07,0.07,0,0,39,44,35,23,29.1,1,0,0,0,0,0,0,0
"2018-12-25",662,FALSE,13.42,0,0,0,38,43,32,23,29.1,0,0,0,0,0,0,0,0
"2018-12-26",1566,FALSE,10.07,0,0,0,37,44,32,17,21.9,0,0,0,0,0,0,0,0
"2018-12-27",1916,FALSE,8.72,0,0,0,40,44,37,17,21.9,0,0,0,0,0,0,0,0
"2018-12-28",620,FALSE,13.65,0.98,0,0,46,55,43,30,38,1,1,0,0,0,0,0,0
"2018-12-29",2099,TRUE,15.43,0,0,0,50,54,39,29.1,38.9,1,0,0,0,0,0,0,0
"2018-12-30",1332,TRUE,5.37,0,0,0,37,39,32,19.9,23,0,0,0,0,0,0,0,0
"2018-12-31",1049,FALSE,9.17,1.23,0,0,37,49,30,21.9,28,1,1,0,0,0,0,0,0
"2019-01-01",1448,FALSE,18.34,0.11,0,0,51,59,40,33.1,40.9,1,1,0,0,0,0,0,0
"2019-01-02",2951,FALSE,8.28,0,0,0,38,41,34,16.1,19.9,0,0,0,0,0,0,0,0
"2019-01-03",3336,FALSE,11.41,0,0,0,41,46,34,25.9,32,0,0,0,0,0,0,0,0
"2019-01-04",3135,FALSE,11.63,0,0,0,39,45,34,21.9,25.1,0,0,0,0,0,0,0,0
"2019-01-05",805,TRUE,11.86,0.4,0,0,44,46,41,25.9,32,1,0,0,0,0,0,0,0
"2019-01-06",1949,TRUE,18.12,0,0,0,44,51,31,38,46.1,0,0,0,0,0,0,0,0
"2019-01-07",2683,FALSE,10.51,0,0,0,30,35,25,23.9,30,0,0,0,0,0,0,0,0
"2019-01-08",2321,FALSE,7.83,0.17,0,0,40,46,35,15,19,1,0,0,1,0,0,0,0
"2019-01-09",3334,FALSE,21.25,0.07,0,0,43,47,34,32,44.1,1,0,0,0,0,0,0,0
"2019-01-10",2487,FALSE,23.94,0,0,0,34,36,28,36,46.1,0,0,0,0,0,0,0,0
"2019-01-11",2009,FALSE,19.01,0,0,0,28,32,22,30,36,0,0,0,0,0,0,0,0
"2019-01-12",1206,TRUE,6.49,0,0,0,26,35,20,15,18.1,0,0,0,0,0,0,0,0
"2019-01-13",1028,TRUE,10.51,0,0,0,29,33,24,21.9,25.9,0,0,0,0,0,0,0,0
"2019-01-14",2332,FALSE,12.08,0,0,0,27,33,24,21,25.9,0,0,0,0,0,0,0,0
"2019-01-15",2638,FALSE,6.71,0,0,0,29,36,23,16.1,19,0,0,0,0,0,0,0,0
"2019-01-16",2800,FALSE,12.97,0,0,0,32,39,25,21.9,25.1,0,0,0,0,0,0,0,0
"2019-01-17",2514,FALSE,8.05,0,0,0,31,34,25,21,23.9,0,0,0,0,0,0,0,0
"2019-01-18",1661,FALSE,7.61,0.04,0.5,1.2,33,39,28,16.1,19.9,1,0,0,0,0,0,0,0
"2019-01-19",1178,TRUE,9.62,0.41,0,0,35,39,29,23.9,31.1,1,0,0,0,0,0,0,0
"2019-01-20",530,TRUE,19.69,1.23,0,0,38,50,15,42.9,52.1,1,0,0,0,0,0,0,0
"2019-01-21",394,FALSE,27.51,0,0,0,12,15,5,38,50.1,0,0,0,0,0,0,0,0
"2019-01-22",1419,FALSE,11.41,0,0,0,19,31,14,28,34,0,0,0,0,0,0,0,0
"2019-01-23",2665,FALSE,13.65,0,0,0,34,47,29,23,27.1,0,0,0,0,0,0,0,0
"2019-01-24",968,FALSE,21.25,1.37,0,0,47,54,35,36.9,46.1,1,1,0,0,0,0,0,0
"2019-01-25",2501,FALSE,16.55,0,0,0,36,40,28,30,36,0,0,0,0,0,0,0,0
"2019-01-26",1239,TRUE,9.4,0,0,0,29,33,24,21.9,25.9,0,0,0,0,0,0,0,0
"2019-01-27",1726,TRUE,14.54,0,0,0,37,45,28,29.1,35.1,0,0,0,0,0,0,0,0
"2019-01-28",2615,FALSE,11.18,0,0,0,32,39,23,23,25.9,0,0,0,0,0,0,0,0
"2019-01-29",1667,FALSE,10.51,0.21,0,0,31,43,22,25.1,33.1,1,0,0,0,0,0,0,0
"2019-01-30",1206,FALSE,21.03,0,0.2,0,29,35,7,40.9,52.1,1,0,0,0,0,0,0,0
"2019-01-31",710,FALSE,16.55,0,0,0,9,17,3,23.9,30,0,0,0,0,0,0,0,0
"2019-02-01",1096,FALSE,9.84,0,0,0,16,22,11,21,27.1,0,0,0,0,0,0,0,0
"2019-02-02",1009,TRUE,12.3,0,0,0,23,32,16,23.9,28,0,0,0,0,0,0,0,0
"2019-02-03",1787,TRUE,7.38,0,0,0,35,49,25,17,19.9,1,0,0,0,0,0,1,0
"2019-02-04",3821,FALSE,4.92,0,0,0,40,53,30,12.1,15,1,0,0,0,0,0,0,0
"2019-02-05",4511,FALSE,6.04,0,0,0,43,60,32,18.1,21.9,1,1,0,0,0,0,1,0
"2019-02-06",2616,FALSE,10.51,0.5,0,0,42,45,33,17,23,1,0,0,0,0,0,0,0
"2019-02-07",2903,FALSE,8.95,0.15,0,0,41,44,39,17,21,1,0,0,0,0,0,0,0
"2019-02-08",2048,FALSE,15.21,0.15,0,0,43,55,32,32,42.9,1,1,0,0,0,0,0,0
"2019-02-09",1177,TRUE,21.03,0,0,0,31,34,24,35.1,42.9,0,0,0,0,0,0,0,0
"2019-02-10",1166,TRUE,9.4,0,0,0,28,35,22,17,21,0,0,0,0,0,0,0,0
"2019-02-11",2684,FALSE,6.04,0,0,0,33,37,29,14.1,16.1,1,0,0,0,0,0,0,0
"2019-02-12",770,FALSE,14.76,0.86,1.2,0,31,37,26,25.9,35.1,1,0,0,1,0,1,0,0
"2019-02-13",1806,FALSE,16.55,0.03,0,1.2,37,42,33,36,45,1,0,0,0,0,0,0,0
"2019-02-14",2696,FALSE,14.09,0,0,0,37,46,33,29.1,36.9,0,0,0,0,0,0,0,0
"2019-02-15",3053,FALSE,16.33,0,0,0,43,54,38,28,36,0,0,0,0,0,0,0,0
"2019-02-16",1757,TRUE,16.11,0,0,0,42,52,32,25.1,30,0,0,0,0,0,0,0,0
"2019-02-17",1314,TRUE,9.17,0.04,0,0,31,36,25,18.1,23,0,0,0,0,0,0,0,0
"2019-02-18",1321,FALSE,14.09,0.09,0,0,36,43,26,35.1,42.1,1,0,0,0,0,0,0,0
"2019-02-19",2285,FALSE,13.65,0,0,0,29,36,23,25.1,31.1,0,0,0,0,0,0,0,0
"2019-02-20",998,FALSE,7.16,0.66,1.8,0,29,34,26,15,18.1,1,0,0,0,0,1,0,0
"2019-02-21",2121,FALSE,12.53,0.17,0,1.2,39,51,33,18.1,23,1,0,0,0,0,0,0,0
"2019-02-22",2676,FALSE,12.75,0,0,0,43,45,37,21.9,29.1,0,0,0,0,0,0,0,0
"2019-02-23",1785,TRUE,7.38,0,0,0,37,40,31,14.1,18.1,1,0,0,0,0,0,0,0
"2019-02-24",1090,TRUE,15.43,0.9,0,0,42,47,38,40.9,51,1,1,0,0,0,0,0,0
"2019-02-25",2015,FALSE,29.3,0,0,0,41,44,28,44.1,55.9,0,0,0,0,0,0,0,0
"2019-02-26",2394,FALSE,17.67,0,0,0,31,39,26,30,38,0,0,0,0,0,0,0,0
"2019-02-27",2054,FALSE,8.28,0,0,0,26,30,24,21.9,25.1,1,0,0,0,0,1,0,0
"2019-02-28",2279,FALSE,12.08,0.01,0.1,0,31,37,27,21.9,30,1,0,0,0,0,1,0,0
"2019-03-01",1500,FALSE,9.62,0.03,0.4,0,31,37,27,14.1,18.1,1,0,0,0,0,0,0,0
"2019-03-02",776,TRUE,10.51,0.56,3.2,3.1,34,40,31,16.1,19.9,1,0,0,1,0,0,0,0
"2019-03-03",1047,TRUE,8.05,0.57,1.8,1.2,38,43,32,16.1,23,1,0,0,1,0,0,0,0
"2019-03-04",1095,FALSE,15.43,0.44,0.7,2,35,39,29,23,28,1,0,0,1,0,0,0,0
"2019-03-05",1966,FALSE,14.09,0,0,1.2,28,33,20,25.1,31.1,0,0,0,0,0,0,0,0
"2019-03-06",1676,FALSE,17.9,0,0,1.2,24,28,19,25.9,32,0,0,0,0,0,0,0,0
"2019-03-07",1884,FALSE,13.42,0,0,0,25,33,18,23.9,30,0,0,0,0,0,0,0,0
"2019-03-08",2150,FALSE,5.82,0,0,0,29,37,22,12.1,13,0,0,0,0,0,0,0,0
"2019-03-09",2170,TRUE,7.38,0,0,0,38,47,33,14.1,16.1,0,0,0,0,0,0,0,0
"2019-03-10",841,TRUE,12.3,0.87,0,0,39,44,35,29.1,42.9,1,0,0,1,0,0,0,0
"2019-03-11",4040,FALSE,16.78,0,0,0,47,54,39,33.1,42.9,0,0,0,0,0,0,0,0
"2019-03-12",3485,FALSE,18.34,0,0,0,41,45,34,30,38,0,0,0,0,0,0,0,0
"2019-03-13",3412,FALSE,7.83,0,0,0,36,42,29,17,19.9,0,0,0,0,0,0,0,0
"2019-03-14",4162,FALSE,12.08,0,0,0,44,52,38,23,33.1,0,0,0,0,0,0,0,0
"2019-03-15",3135,FALSE,17.22,0.16,0,0,49,59,47,25.9,33.1,1,0,0,0,0,0,0,0
"2019-03-16",2369,TRUE,20.8,0,0,0,50,57,37,30,38,0,0,0,0,0,0,0,0
"2019-03-17",1811,TRUE,13.2,0,0,0,39,45,33,23,31.1,0,0,0,0,0,0,0,0
"2019-03-18",3412,FALSE,7.83,0,0,0,37,45,28,17,23.9,0,0,0,0,0,0,0,0
"2019-03-19",3928,FALSE,9.62,0,0,0,39,50,32,21,27.1,0,0,0,0,0,0,0,0
"2019-03-20",4250,FALSE,8.5,0,0,0,40,50,31,17,0,0,0,0,0,0,0,0,0
"2019-03-21",1054,FALSE,14.32,0.63,0,0,44,48,41,30,42.1,1,0,0,0,0,0,0,0
"2019-03-22",1676,FALSE,22.15,0.59,0,0,45,51,39,36,47,1,0,0,0,0,0,0,0
"2019-03-23",1846,TRUE,24.61,0,0,0,41,50,35,36.9,48.1,0,0,0,0,0,0,0,0
"2019-03-24",3274,TRUE,12.3,0,0,0,45,58,37,21.9,25.9,0,0,0,0,0,0,0,0
"2019-03-25",4176,FALSE,9.62,0,0,0,51,54,42,19.9,25.9,0,0,0,0,0,0,0,0
"2019-03-26",4017,FALSE,15.21,0,0,0,42,48,32,29.1,32,0,0,0,0,0,0,0,0
"2019-03-27",3891,FALSE,9.4,0,0,0,38,42,32,16.1,21,0,0,0,0,0,0,0,0
"2019-03-28",4223,FALSE,12.53,0,0,0,40,48,33,23,29.1,0,0,0,0,0,0,0,0
"2019-03-29",4150,FALSE,7.16,0,0,0,47,56,44,13,16.1,0,0,0,0,0,0,0,0
"2019-03-30",4474,TRUE,15.43,0,0,0,51,57,47,28,36.9,0,0,0,0,0,0,0,0
"2019-03-31",1592,TRUE,19.24,0.11,0,0,50,56,39,32,38.9,1,0,0,0,0,0,0,0
"2019-04-01",3648,FALSE,16.78,0,0,0,40,47,32,30,38,0,0,0,0,0,0,0,0
"2019-04-02",4438,FALSE,11.63,0.05,0,0,40,49,31,21,25.1,0,0,0,0,0,0,0,0
"2019-04-03",5385,FALSE,19.91,0.01,0,0,50,66,40,33.1,45,0,0,0,0,0,0,0,0
"2019-04-04",5122,FALSE,13.2,0,0,0,53,61,42,28,36,0,0,0,0,0,0,0,0
"2019-04-05",1802,FALSE,10.29,0.23,0,0,42,43,38,19.9,21.9,1,0,0,0,0,0,0,0
"2019-04-06",4178,TRUE,8.05,0,0,0,47,63,40,17,21,1,0,0,0,0,0,0,0
"2019-04-07",4035,TRUE,10.29,0,0,0,54,59,45,21,25.9,0,0,0,0,0,0,0,0
"2019-04-08",5752,FALSE,7.61,0.27,0,0,56,68,48,16.1,21,1,0,0,0,0,0,0,0
"2019-04-09",4173,FALSE,8.5,0.01,0,0,48,48,43,18.1,21.9,1,1,1,0,0,0,0,0
"2019-04-10",5766,FALSE,14.32,0,0,0,51,61,40,23.9,31.1,1,0,0,0,0,0,0,0
"2019-04-11",4451,FALSE,7.83,0,0,0,44,48,38,16.1,19.9,0,0,0,0,0,0,0,0
"2019-04-12",3801,FALSE,14.09,0.61,0,0,51,62,45,31.1,38.9,1,0,1,0,0,0,0,0
"2019-04-13",4305,TRUE,10.51,0.36,0,0,57,69,53,25.9,33.1,1,1,0,0,0,0,0,0
"2019-04-14",3566,TRUE,9.62,0,0,0,56,63,51,28,35.1,1,1,0,0,0,0,0,0
"2019-04-15",3417,FALSE,24.38,0.52,0,0,56,61,46,38.9,52.1,1,1,1,0,0,0,0,0
"2019-04-16",5772,FALSE,18.57,0,0,0,52,66,44,29.1,40.9,0,0,0,0,0,0,0,0
"2019-04-17",5677,FALSE,9.62,0,0,0,53,57,47,17,21,0,0,0,0,0,0,0,0
"2019-04-18",4308,FALSE,18.34,0,0,0,52,58,49,29.1,36.9,1,0,0,0,0,0,0,0
"2019-04-19",4128,FALSE,21.7,0.02,0,0,58,70,54,33.1,40,1,0,0,0,0,0,0,0
"2019-04-20",1780,TRUE,17.22,0.56,0,0,58,62,53,32,42.1,1,1,0,0,0,0,0,0
"2019-04-21",3707,TRUE,9.62,0.01,0,0,55,62,51,18.1,23,0,0,0,0,0,0,0,0
"2019-04-22",3157,FALSE,10.51,0.48,0,0,55,62,50,18.1,27.1,1,0,0,0,0,0,0,0
"2019-04-23",7088,FALSE,9.4,0,0,0,61,70,56,17,21,0,0,0,0,0,0,0,0
"2019-04-24",6968,FALSE,12.75,0.03,0,0,63,70,53,23.9,31.1,1,0,0,0,0,0,0,0
"2019-04-25",5263,FALSE,8.28,0.03,0,0,54,58,47,15,17,0,0,0,0,0,0,0,0
"2019-04-26",1707,FALSE,13.42,1.11,0,0,54,59,52,25.9,36,1,0,1,0,0,0,0,0
"2019-04-27",3493,TRUE,18.34,0.04,0,0,55,61,47,38.9,46.1,0,0,0,0,0,0,0,0
"2019-04-28",2084,TRUE,9.84,0.01,0,0,50,55,45,21.9,25.9,0,0,0,0,0,0,0,0
"2019-04-29",5553,FALSE,9.84,0.04,0,0,49,55,39,17,21,1,0,0,0,0,0,0,0
"2019-04-30",4870,FALSE,5.14,0.09,0,0,51,59,48,12.1,15,1,0,0,0,0,0,0,0
"2019-05-01",4686,FALSE,8.5,0.02,0,0,52,54,49,17,21,1,0,0,0,0,0,0,0
"2019-05-02",4830,FALSE,8.95,0.18,0,0,54,70,49,23,29.1,1,1,0,0,0,0,1,0
"2019-05-03",4231,FALSE,5.82,0.21,0,0,52,56,49,14.1,18.1,1,1,1,0,0,0,0,0
"2019-05-04",3252,TRUE,6.04,0.1,0,0,56,65,53,16.1,19.9,1,1,0,0,0,0,0,0
"2019-05-05",1015,TRUE,11.41,1.52,0,0,55,57,51,21,28,1,0,0,0,0,0,0,0
"2019-05-06",6508,FALSE,9.4,0.01,0,0,56,68,50,21,25.9,0,0,0,0,0,0,0,0
"2019-05-07",6278,FALSE,10.07,0.04,0,0,56,62,51,23.9,30,0,0,0,0,0,0,0,0
"2019-05-08",6059,FALSE,8.28,0,0,0,60,68,52,16.1,19.9,0,0,0,0,0,0,0,0
"2019-05-09",4707,FALSE,13.87,0,0,0,54,56,50,21.9,28,0,0,0,0,0,0,0,0
"2019-05-10",3888,FALSE,13.42,0.01,0,0,58,67,54,21.9,29.1,1,1,0,0,0,0,0,0
"2019-05-11",4081,TRUE,9.84,0.02,0,0,62,70,56,21,27.1,0,0,0,0,0,0,0,0
"2019-05-12",442,TRUE,13.87,1.07,0,0,51,56,43,25.1,32,1,0,0,0,0,0,0,0
"2019-05-13",1051,FALSE,10.51,0.65,0,0,46,49,43,21,28,1,0,0,0,0,0,0,0
"2019-05-14",2380,FALSE,6.71,0.12,0,0,47,51,44,16.1,19.9,1,0,0,0,0,0,0,0
"2019-05-15",5637,FALSE,10.51,0.03,0,0,53,66,45,21,27.1,0,0,0,0,0,0,0,0
"2019-05-16",5980,FALSE,8.95,0.05,0,0,60,68,52,21,23.9,0,0,0,0,0,0,0,0
"2019-05-17",5041,FALSE,6.71,0.25,0,0,62,71,54,17,21.9,1,0,0,0,0,0,0,0
"2019-05-18",4322,TRUE,10.51,0,0,0,64,71,56,18.1,23.9,0,0,0,0,0,0,0,0
"2019-05-19",3718,TRUE,14.32,0.14,0,0,62,69,56,31.1,42.9,1,1,0,0,0,0,0,0
"2019-05-20",5732,FALSE,12.08,0,0,0,69,86,61,29.1,36,0,0,0,0,0,0,0,0
"2019-05-21",6286,FALSE,20.58,0,0,0,68,73,58,31.1,38,0,0,0,0,0,0,0,0
"2019-05-22",6422,FALSE,10.29,0,0,0,65,74,55,19.9,31.1,0,0,0,0,0,0,0,0
"2019-05-23",2871,FALSE,10.51,0.41,0,0,62,69,55,19.9,25.9,1,0,1,0,0,0,0,0
"2019-05-24",5773,FALSE,18.34,0,0,0,69,75,62,32,42.9,0,0,0,0,0,0,0,0
"2019-05-25",3737,TRUE,12.3,0,0,0,62,66,53,23,27.1,0,0,0,0,0,0,0,0
"2019-05-26",3256,TRUE,10.07,0.15,0,0,68,85,59,23,28,1,0,1,0,0,0,0,0
"2019-05-27",4744,FALSE,10.29,0,0,0,73,81,64,21,27.1,0,0,0,0,0,0,0,0
"2019-05-28",3493,FALSE,11.41,0.12,0,0,65,71,62,23.9,30,1,0,1,0,0,0,0,0
"2019-05-29",3679,FALSE,8.95,0.43,0,0,64,71,56,18.1,23,1,0,1,0,0,0,0,0
"2019-05-30",3130,FALSE,6.26,1.23,0,0,59,64,56,14.1,19,1,1,1,0,0,0,0,0
"2019-05-31",6677,FALSE,10.07,0,0,0,69,80,61,19.9,23.9,1,0,0,0,0,0,0,0
"2019-06-01",4300,TRUE,6.93,0,0,0,68,78,61,15,18.1,0,0,0,0,0,0,0,0
"2019-06-02",3293,TRUE,8.5,0.25,0,0,68,79,62,35.1,42.1,1,0,1,0,0,0,0,0
"2019-06-03",6491,FALSE,12.97,0,0,0,67,72,57,25.1,33.1,0,0,0,0,0,0,0,0
"2019-06-04",6853,FALSE,12.75,0,0,0,62,70,55,23,28,0,0,0,0,0,0,0,0
"2019-06-05",4830,FALSE,12.3,0.16,0,0,67,75,62,23.9,30,1,0,0,0,0,0,0,0
"2019-06-06",6201,FALSE,8.5,0.46,0,0,73,84,64,17,23,1,0,0,0,0,0,0,0
"2019-06-07",6321,FALSE,6.04,0,0,0,71,77,61,13,15,1,0,0,0,0,0,0,0
"2019-06-08",4615,TRUE,10.29,0,0,0,68,78,60,23,28,1,1,0,0,0,0,0,0
"2019-06-09",4365,TRUE,11.18,0,0,0,65,74,57,19.9,25.9,0,0,0,0,0,0,0,0
"2019-06-10",1885,FALSE,11.63,0.46,0,0,63,70,56,23,30,1,1,0,0,0,0,0,0
"2019-06-11",5508,FALSE,16.33,0.2,0,0,70,79,65,28,35.1,1,1,0,0,0,0,0,0
"2019-06-12",6738,FALSE,9.84,0,0,0,67,73,57,21,25.1,0,0,0,0,0,0,0,0
"2019-06-13",2433,FALSE,10.51,0.64,0,0,62,66,57,25.9,32,1,0,0,0,0,0,0,0
"2019-06-14",5853,FALSE,15.21,0,0,0,65,75,59,25.1,33.1,0,0,0,0,0,0,0,0
"2019-06-15",4577,TRUE,14.32,0,0,0,68,75,55,29.1,35.1,0,0,0,0,0,0,0,0
"2019-06-16",2786,TRUE,10.51,0.12,0,0,69,76,65,17,21.9,0,0,0,0,0,0,0,0
"2019-06-17",4717,FALSE,5.59,0,0,0,71,76,67,14.1,18.1,1,0,0,0,0,0,0,0
"2019-06-18",1838,FALSE,5.37,1.38,0,0,69,76,66,15,18.1,1,1,1,0,0,0,0,0
"2019-06-19",3223,FALSE,7.83,0.03,0,0,67,69,65,14.1,16.1,1,0,0,0,0,0,0,0
"2019-06-20",3028,FALSE,7.61,0.75,0,0,69,76,66,23.9,29.1,1,1,1,0,0,0,0,0
"2019-06-21",3683,FALSE,14.32,0.58,0,0,72,80,66,29.1,38,1,0,1,0,0,0,0,0
"2019-06-22",4580,TRUE,14.99,0,0,0,73,82,63,23.9,31.1,0,0,0,0,0,0,0,0
"2019-06-23",4170,TRUE,12.3,0,0,0,74,85,64,21,36.9,0,0,0,0,0,0,0,0
"2019-06-24",6219,FALSE,9.62,0,0,0,75,83,63,17,21,0,0,0,0,0,0,0,0
"2019-06-25",3850,FALSE,6.49,0.21,0,0,73,81,69,13,16.1,1,0,1,0,0,0,0,0
"2019-06-26",6401,FALSE,10.29,0,0,0,76,86,69,18.1,23,1,0,0,0,0,0,0,0
"2019-06-27",6317,FALSE,6.49,0,0,0,78,91,69,17,23,0,0,0,0,0,0,0,0
"2019-06-28",5376,FALSE,5.82,0,0,0,79,88,69,15,17,0,0,0,0,0,0,0,0
"2019-06-29",3151,TRUE,10.51,0.03,0,0,78,89,71,23,30,1,0,1,0,0,0,0,0
"2019-06-30",3470,TRUE,16.11,0.06,0,0,78,87,69,36.9,46.1,0,0,0,0,0,0,1,0
"2019-07-01",6043,FALSE,10.29,0,0,0,75,86,65,18.1,21.9,0,0,0,0,0,0,0,0
"2019-07-02",5634,FALSE,8.05,0.03,0,0,78,89,67,17,21.9,1,0,0,0,0,0,0,0
"2019-07-03",5242,FALSE,5.59,0.06,0,0,79,86,72,14.1,16.1,0,0,0,0,0,0,0,0
"2019-07-04",2155,FALSE,6.04,0,0,0,78,87,70,14.1,17,1,0,0,0,0,0,0,0
"2019-07-05",4106,FALSE,7.16,0,0,0,76,83,72,14.1,18.1,1,0,0,0,0,0,0,0
"2019-07-06",2681,TRUE,9.4,0,0,0,79,87,75,25.9,33.1,1,0,1,0,0,0,0,0
"2019-07-07",3474,TRUE,9.62,0,0,0,78,85,70,18.1,23,0,0,0,0,0,0,0,0
"2019-07-08",4381,FALSE,5.82,0.01,0,0,72,78,68,10.1,13,0,0,0,0,0,0,0,0
"2019-07-09",6545,FALSE,9.62,0,0,0,76,89,68,19.9,21.9,0,0,0,0,0,0,0,0
"2019-07-10",6440,FALSE,10.29,0,0,0,78,88,70,19.9,23.9,0,0,0,0,0,0,0,0
"2019-07-11",3888,FALSE,10.74,0.72,0,0,77,83,71,21,25.1,1,0,1,0,0,0,0,0
"2019-07-12",5543,FALSE,12.08,0,0,0,79,90,73,21.9,28,0,0,0,0,0,0,0,0
"2019-07-13",4456,TRUE,10.96,0,0,0,78,85,71,21,23.9,0,0,0,0,0,0,0,0
"2019-07-14",3833,TRUE,12.08,0,0,0,81,93,73,23,36.9,0,0,0,0,0,0,0,0
"2019-07-15",6427,FALSE,10.96,0,0,0,78,86,69,18.1,23,0,0,0,0,0,0,0,0
"2019-07-16",6618,FALSE,10.74,0,0,0,78,87,70,23.9,28,0,0,0,0,0,0,0,0
"2019-07-17",4716,FALSE,11.18,0.79,0,0,80,90,73,36.9,42.9,1,0,1,0,0,0,0,0
"2019-07-18",3124,FALSE,7.38,0.09,0,0,78,86,71,16.1,21,1,0,0,0,0,0,0,0
"2019-07-19",4700,FALSE,8.5,0,0,0,76,84,71,19.9,21.9,0,0,0,0,0,0,0,0
"2019-07-20",2488,TRUE,11.41,0,0,0,86,99,78,21,25.1,1,0,0,0,0,0,0,0
"2019-07-21",2133,TRUE,11.63,0.03,0,0,89,99,80,21.9,28,1,0,1,0,0,0,0,0
"2019-07-22",3202,FALSE,9.4,1.59,0,0,84,87,73,25.1,30,1,0,1,0,0,0,0,0
"2019-07-23",3087,FALSE,8.5,2.07,0,0,73,76,67,21,23.9,1,0,0,0,0,0,0,0
"2019-07-24",6754,FALSE,7.38,0,0,0,73,84,65,15,19,0,0,0,0,0,0,0,0
"2019-07-25",6619,FALSE,7.83,0,0,0,76,85,67,14.1,21.9,0,0,0,0,0,0,0,0
"2019-07-26",5771,FALSE,6.71,0,0,0,77,85,67,13,16.1,0,0,0,0,0,0,0,0
"2019-07-27",4095,TRUE,9.4,0,0,0,76,82,70,18.1,21.9,0,0,0,0,0,0,0,0
"2019-07-28",3823,TRUE,12.3,0,0,0,78,87,71,19.9,23.9,0,0,0,0,0,0,0,0
"2019-07-29",5801,FALSE,10.07,0,0,0,81,89,72,21,25.9,0,0,0,0,0,0,0,0
"2019-07-30",5837,FALSE,11.41,0,0,0,81,87,75,23.9,29.1,0,0,0,0,0,0,0,0
"2019-07-31",3969,FALSE,7.16,0,0,0,78,86,72,17,0,0,0,1,0,0,0,0,0
"2019-08-01",5826,FALSE,6.93,0,0,0,78,89,71,13,16.1,1,0,0,0,0,0,0,0
"2019-08-02",5703,FALSE,7.61,0,0,0,77,82,72,15,17,0,0,0,0,0,0,0,0
"2019-08-03",4156,TRUE,9.62,0.01,0,0,77,84,70,28,35.1,0,0,1,0,0,0,0,0
"2019-08-04",3766,TRUE,6.49,0,0,0,79,89,70,16.1,19,0,0,0,0,0,0,0,0
"2019-08-05",6355,FALSE,7.61,0,0,0,76,82,70,14.1,18.1,0,0,0,0,0,0,0,0
"2019-08-06",6196,FALSE,7.38,0,0,0,74,79,71,13,15,1,0,0,0,0,0,0,0
"2019-08-07",2908,FALSE,11.41,1,0,0,76,84,70,28,33.1,1,0,1,0,0,0,0,0
"2019-08-08",5738,FALSE,10.51,0,0,0,75,86,69,32,44.1,0,0,1,0,0,0,0,0
"2019-08-09",5729,FALSE,9.84,0.04,0,0,76,85,70,17,21,0,0,1,0,0,0,0,0
"2019-08-10",4840,TRUE,12.53,0,0,0,76,83,66,23.9,30,0,0,0,0,0,0,0,0
"2019-08-11",3934,TRUE,9.17,0,0,0,73,82,64,21,25.9,0,0,0,0,0,0,0,0
"2019-08-12",6256,FALSE,12.08,0,0,0,76,85,67,21.9,27.1,0,0,0,0,0,0,0,0
"2019-08-13",4127,FALSE,7.61,0.07,0,0,75,77,73,16.1,21,1,0,0,0,0,0,0,0
"2019-08-14",4386,FALSE,5.37,0.26,0,0,74,80,70,13,16.1,1,0,1,0,0,0,1,0
"2019-08-15",6474,FALSE,8.5,0,0,0,73,80,68,16.1,19,1,0,0,0,0,0,0,0
"2019-08-16",5405,FALSE,7.83,0,0,0,72,79,67,12.1,16.1,0,0,0,0,0,0,0,0
"2019-08-17",4272,TRUE,6.04,0,0,0,77,84,73,12.1,14.1,1,0,0,0,0,0,0,0
"2019-08-18",3080,TRUE,8.05,0,0,0,78,87,73,21,25.1,1,0,1,0,0,0,0,0
"2019-08-19",5081,FALSE,8.72,0.15,0,0,78,86,72,29.1,36,1,0,1,0,0,0,0,0
"2019-08-20",6104,FALSE,7.61,0,0,0,79,86,74,15,18.1,0,0,0,0,0,0,0,0
"2019-08-21",4584,FALSE,9.84,0.37,0,0,78,88,74,31.1,38,1,0,1,0,0,0,0,0
"2019-08-22",5014,FALSE,10.51,0.79,0,0,80,89,69,17,45,1,0,1,0,0,0,0,0
"2019-08-23",3653,FALSE,9.17,0.02,0,0,72,75,66,16.1,19.9,0,0,0,0,0,0,0,0
"2019-08-24",4386,TRUE,8.72,0,0,0,70,78,63,17,21.9,0,0,0,0,0,0,0,0
"2019-08-25",4012,TRUE,13.42,0,0,0,69,77,62,23,29.1,0,0,0,0,0,0,0,0
"2019-08-26",5969,FALSE,9.17,0,0,0,67,73,60,16.1,21,0,0,0,0,0,0,0,0
"2019-08-27",6512,FALSE,6.93,0,0,0,66,72,60,13,16.1,0,0,0,0,0,0,0,0
"2019-08-28",4083,FALSE,6.71,0.45,0,0,69,83,65,14.1,19,1,0,1,0,0,0,0,0
"2019-08-29",5995,FALSE,10.96,0,0,0,74,83,67,21.9,29.1,0,0,0,0,0,0,0,0
"2019-08-30",5227,FALSE,10.74,0,0,0,74,85,64,17,21,0,0,0,0,0,0,0,0
"2019-08-31",3840,TRUE,7.61,0,0,0,75,82,66,17,19.9,0,0,0,0,0,0,0,0
"2019-09-01",3435,TRUE,10.51,0,0,0,70,76,62,17,21,0,0,0,0,0,0,0,0
"2019-09-02",1460,FALSE,9.84,0.64,0,0,71,77,68,21.9,27.1,1,0,1,0,0,0,0,0
"2019-09-03",6621,FALSE,7.83,0,0,0,74,81,67,17,19.9,0,0,0,0,0,0,0,0
"2019-09-04",5647,FALSE,10.51,0.16,0,0,73,81,67,23.9,29.1,1,0,1,0,0,0,0,0
"2019-09-05",6716,FALSE,7.83,0,0,0,71,74,64,16.1,21,0,0,0,0,0,0,0,0
"2019-09-06",3213,FALSE,14.54,0.25,0,0,64,67,59,25.1,32,1,0,0,0,0,0,0,0
"2019-09-07",4627,TRUE,12.53,0.04,0,0,65,76,57,23.9,31.1,1,0,0,0,0,0,0,0
"2019-09-08",4583,TRUE,7.38,0,0,0,69,77,63,16.1,19,0,0,0,0,0,0,0,0
"2019-09-09",6392,FALSE,8.05,0,0,0,70,77,64,15,19,0,0,0,0,0,0,0,0
"2019-09-10",6245,FALSE,8.95,0,0,0,70,76,65,18.1,23,0,0,0,0,0,0,0,0
"2019-09-11",6763,FALSE,11.18,0,0,0,73,84,68,18.1,21.9,0,0,0,0,0,0,0,0
"2019-09-12",4132,FALSE,10.29,0.01,0,0,76,82,62,19.9,23,1,0,0,0,0,0,0,0
"2019-09-13",5973,FALSE,12.3,0,0,0,64,71,57,21.9,28,0,0,0,0,0,0,0,0
"2019-09-14",4089,TRUE,11.86,0,0,0,68,76,63,21.9,27.1,0,0,0,0,0,0,0,0
"2019-09-15",4507,TRUE,7.16,0,0,0,74,81,69,15,17,0,0,0,0,0,0,0,0
"2019-09-16",5925,FALSE,5.14,0,0,0,72,78,65,10.1,13,0,0,0,0,0,0,0,0
"2019-09-17",7081,FALSE,8.95,0,0,0,69,77,59,21,25.9,0,0,0,0,0,0,0,0
"2019-09-18",6683,FALSE,9.62,0,0,0,63,71,55,18.1,23,0,0,0,0,0,0,0,0
"2019-09-19",6383,FALSE,6.93,0,0,0,58,68,49,14.1,17,0,0,0,0,0,0,0,0
"2019-09-20",6085,FALSE,10.07,0,0,0,65,78,55,16.1,19.9,0,0,0,0,0,0,0,0
"2019-09-21",4716,TRUE,6.93,0,0,0,70,80,59,12.1,14.1,0,0,0,0,0,0,0,0
"2019-09-22",4282,TRUE,9.62,0,0,0,70,79,64,19.9,25.9,0,0,0,0,0,0,0,0
"2019-09-23",6029,FALSE,12.3,0,0,0,74,82,69,18.1,25.9,0,0,0,0,0,0,0,0
"2019-09-24",6741,FALSE,13.65,0,0,0,74,78,63,23.9,29.1,0,0,0,0,0,0,0,0
"2019-09-25",6737,FALSE,9.4,0,0,0,68,76,57,18.1,21.9,0,0,0,0,0,0,0,0
"2019-09-26",5852,FALSE,11.86,0,0,0,69,78,61,28,34,0,0,0,0,0,0,0,0
"2019-09-27",6083,FALSE,8.28,0,0,0,66,74,56,16.1,18.1,0,0,0,0,0,0,0,0
"2019-09-28",4202,TRUE,13.42,0,0,0,69,77,63,25.1,31.1,0,0,0,0,0,0,0,0
"2019-09-29",4145,TRUE,9.62,0,0,0,74,81,65,23,29.1,0,0,0,0,0,0,0,0
"2019-09-30",5495,FALSE,10.29,0,0,0,66,71,62,16.1,19.9,0,0,0,0,0,0,0,0
"2019-10-01",6322,FALSE,12.53,0,0,0,68,78,62,19.9,23,0,0,0,0,0,0,0,0
"2019-10-02",5365,FALSE,13.65,0.35,0,0,77,95,64,23,30,1,0,0,0,0,0,0,0
"2019-10-03",1878,FALSE,12.08,0.32,0,0,60,64,53,23,27.1,1,0,0,0,0,0,0,0
"2019-10-04",5532,FALSE,16.78,0,0,0,62,68,50,35.1,40,1,0,0,0,0,0,0,0
"2019-10-05",3587,TRUE,8.5,0,0,0,52,59,45,16.1,21,0,0,0,0,0,0,0,0
"2019-10-06",3138,TRUE,15.88,0,0,0,63,69,58,23,30,0,0,0,0,0,0,0,0
"2019-10-07",4907,FALSE,17.67,0,0,0,70,76,60,25.9,36,0,0,0,0,0,0,0,0
"2019-10-08",5179,FALSE,12.97,0.01,0,0,62,64,58,18.1,23.9,1,0,0,0,0,0,0,0
"2019-10-09",2486,FALSE,16.55,0.64,0,0,57,60,53,25.1,32,1,0,0,0,0,0,0,0
"2019-10-10",5119,FALSE,18.34,0,0,0,60,72,53,28,35.1,0,0,0,0,0,0,0,0
"2019-10-11",4835,FALSE,18.57,0,0,0,60,64,55,29.1,36.9,0,0,0,0,0,0,0,0
"2019-10-12",3749,TRUE,8.95,0,0,0,59,68,55,17,19.9,0,0,0,0,0,0,0,0
"2019-10-13",3573,TRUE,7.61,0,0,0,60,65,53,15,19,0,0,0,0,0,0,0,0
"2019-10-14",5190,FALSE,7.83,0,0,0,62,70,55,16.1,19,0,0,0,0,0,0,0,0
"2019-10-15",6369,FALSE,6.49,0,0,0,59,64,49,15,18.1,0,0,0,0,0,0,0,0
"2019-10-16",2344,FALSE,16.78,1.02,0,0,59,66,48,40,51,1,0,0,0,0,0,0,0
"2019-10-17",3716,FALSE,26.4,0,0,0,56,59,52,40,50.1,0,0,0,0,0,0,0,0
"2019-10-18",4694,FALSE,16.78,0,0,0,55,61,46,30,40,0,0,0,0,0,0,0,0
"2019-10-19",3682,TRUE,7.61,0,0,0,50,59,40,14.1,16.1,0,0,0,0,0,0,1,0
"2019-10-20",1516,TRUE,8.28,0.58,0,0,53,61,44,18.1,23,1,0,0,0,0,0,0,0
"2019-10-21",5931,FALSE,9.17,0,0,0,57,68,51,19.9,23,0,0,0,0,0,0,0,0
"2019-10-22",3228,FALSE,11.18,0.46,0,0,56,64,53,21,28,1,0,0,0,0,0,0,0
"2019-10-23",5900,FALSE,14.09,0.05,0,0,62,67,54,23,30,1,0,0,0,0,0,0,0
"2019-10-24",6094,FALSE,9.62,0,0,0,57,65,45,21,25.1,0,0,0,0,0,0,0,0
"2019-10-25",5264,FALSE,7.38,0,0,0,56,63,46,17,21,0,0,0,0,0,0,0,0
"2019-10-26",3873,TRUE,7.83,0,0,0,58,64,50,16.1,19.9,0,0,0,0,0,0,0,0
"2019-10-27",1076,TRUE,14.32,0.9,0,0,60,69,53,31.1,42.1,1,0,0,0,0,0,0,0
"2019-10-28",5849,FALSE,8.5,0.02,0,0,58,65,51,17,21,1,0,0,0,0,0,0,0
"2019-10-29",3535,FALSE,7.38,0.07,0,0,56,61,52,13,17,1,0,0,0,0,0,0,0
"2019-10-30",3723,FALSE,5.37,0.07,0,0,61,65,58,10.1,13,1,1,0,0,0,0,0,0
"2019-10-31",2004,FALSE,23.04,0.19,0,0,64,68,61,40.9,53.9,1,0,0,0,0,0,0,0
"2019-11-01",4416,FALSE,19.24,0.05,0,0,56,68,43,44.1,55.9,1,0,0,0,0,0,0,0
"2019-11-02",3193,TRUE,5.82,0,0,0,45,52,37,16.1,19.9,0,0,0,0,0,0,0,0
"2019-11-03",2755,TRUE,10.74,0,0,0,48,56,43,17,23,0,0,0,0,0,0,0,0
"2019-11-04",5277,FALSE,9.4,0,0,0,48,56,34,19.9,25.9,0,0,0,0,0,0,0,0
"2019-11-05",4922,FALSE,10.74,0,0,0,56,63,50,17,21.9,0,0,0,0,0,0,0,0
"2019-11-06",5319,FALSE,10.51,0,0,0,52,56,44,21,25.9,0,0,0,0,0,0,0,0
"2019-11-07",3300,FALSE,12.75,0.02,0,0,52,57,41,18.1,27.1,0,0,0,0,0,0,0,0
"2019-11-08",3135,FALSE,18.57,0,0,0,40,41,29,32,38,0,0,0,0,0,0,0,0
"2019-11-09",1978,TRUE,8.95,0,0,0,33,41,25,19.9,21.9,0,0,0,0,0,0,0,0
"2019-11-10",2470,TRUE,10.74,0,0,0,44,52,37,21,21.9,0,0,0,0,0,0,0,0
"2019-11-11",4706,FALSE,5.59,0,0,0,51,58,41,18.1,21.9,0,0,0,0,0,0,0,0
"2019-11-12",1919,FALSE,17.22,0.02,0,0,47,56,25,30,36.9,0,0,0,0,0,0,0,0
"2019-11-13",2462,FALSE,14.99,0,0,0,28,35,23,30,38,0,0,0,0,0,0,0,0
"2019-11-14",3331,FALSE,8.5,0,0,0,33,46,24,18.1,21,0,0,0,0,0,0,0,0
"2019-11-15",3759,FALSE,10.51,0,0,0,43,51,34,23.9,32,0,0,0,0,0,0,0,0
"2019-11-16",1926,TRUE,14.32,0,0,0,40,42,32,28,36,0,0,0,0,0,0,0,0
"2019-11-17",1752,TRUE,18.34,0,0,0,36,44,31,25.1,32,0,0,0,0,0,0,0,0
"2019-11-18",1942,FALSE,11.41,0.46,0,0,40,43,38,21.9,25.9,1,0,0,0,0,0,0,0
"2019-11-19",3994,FALSE,8.28,0.17,0,0,44,51,41,15,19,1,0,0,0,0,0,0,0
"2019-11-20",3925,FALSE,15.21,0,0,0,44,48,41,25.1,31.1,0,0,0,0,0,0,0,0
"2019-11-21",4324,FALSE,8.28,0,0,0,44,53,34,17,21,0,0,0,0,0,0,0,0
"2019-11-22",3251,FALSE,15.66,0.04,0,0,49,52,38,32,42.1,1,0,0,0,0,0,0,0
"2019-11-23",2143,TRUE,8.72,0.04,0,0,40,45,34,21,28,1,0,0,0,0,0,0,0
"2019-11-24",768,TRUE,15.21,0.72,0,0,44,49,41,29.1,36,1,0,0,0,0,0,0,0
"2019-11-25",4183,FALSE,10.29,0,0,0,44,52,39,16.1,21,0,0,0,0,0,0,0,0
"2019-11-26",4491,FALSE,6.93,0,0,0,47,56,39,13,14.1,0,0,0,0,0,0,0,0
"2019-11-27",2934,FALSE,11.63,0.01,0,0,50,56,44,35.1,47,1,0,0,0,0,0,0,0
"2019-11-28",776,FALSE,24.16,0,0,0,50,53,37,40,50.1,0,0,0,0,0,0,0,0
"2019-11-29",1271,FALSE,16.55,0,0,0,37,41,30,23,31.1,0,0,0,0,0,0,0,0
"2019-11-30",1532,TRUE,10.96,0,0,0,36,44,30,23,28,0,0,0,0,0,0,0,0
"2019-12-01",546,TRUE,14.32,0.59,0,0,33,41,29,30,38,1,0,0,1,0,1,0,0
"2019-12-02",818,FALSE,17.67,0.37,0.6,0,38,40,31,25.9,36.9,1,0,0,1,0,0,0,0
"2019-12-03",2133,FALSE,19.01,0,0.2,1.2,33,38,31,25.1,36.9,1,0,0,0,0,0,0,0
"2019-12-04",2979,FALSE,12.08,0,0,0,36,39,33,16.1,19.9,0,0,0,0,0,0,0,0
"2019-12-05",3261,FALSE,17,0,0,0,39,44,36,32,42.9,0,0,0,0,0,0,0,0
"2019-12-06",3039,FALSE,14.76,0,0,0,40,50,34,29.1,36,0,0,0,0,0,0,0,0
"2019-12-07",1669,TRUE,14.54,0,0,0,38,40,29,25.9,32,0,0,0,0,0,0,0,0
"2019-12-08",1709,TRUE,6.93,0,0,0,33,45,23,18.1,23,0,0,0,0,0,0,0,0
"2019-12-09",795,FALSE,10.96,1.71,0,0,46,54,42,25.9,36,1,1,0,0,0,0,0,0
"2019-12-10",1866,FALSE,11.41,0.09,0,0,53,57,40,25.9,36,1,0,0,0,0,0,0,0
"2019-12-11",1688,FALSE,12.3,0.35,0.9,1.2,38,40,31,28,36,1,0,0,0,0,0,0,0
"2019-12-12",2611,FALSE,9.62,0,0,0,31,35,26,28,34,0,0,0,0,0,0,0,0
"2019-12-13",1611,FALSE,8.72,1.15,0,0,39,54,31,21,30,1,0,0,0,0,0,0,0
"2019-12-14",1185,TRUE,13.87,1.62,0,0,53,56,44,32,40,1,1,0,0,0,0,1,0
"2019-12-15",1737,TRUE,19.69,0,0,0,46,50,37,35.1,47,0,0,0,0,0,0,0,0
"2019-12-16",2380,FALSE,8.95,0.22,0,0,36,37,33,16.1,0,1,0,0,1,0,1,0,0
"2019-12-17",842,FALSE,12.97,1.07,0,0,34,36,32,21.9,30,1,0,0,0,0,1,0,0
"2019-12-18",2199,FALSE,17.9,0,0.2,0,34,39,22,29.1,38,1,0,0,0,0,0,1,1
"2019-12-19",1137,FALSE,19.24,0,0,0,23,26,17,33.1,44.1,0,0,0,0,0,0,0,0
"2019-12-20",1666,FALSE,12.53,0,0,0,27,34,23,21,23.9,0,0,0,0,0,0,0,0
"2019-12-21",1208,TRUE,5.59,0,0,0,28,37,22,14.1,19,0,0,0,0,0,0,0,0
"2019-12-22",1347,TRUE,10.74,0,0,0,35,45,28,19.9,23,0,0,0,0,0,0,0,0
"2019-12-23",2123,FALSE,10.96,0,0,0,41,53,33,19.9,25.1,0,0,0,0,0,0,0,0
"2019-12-24",1411,FALSE,11.18,0,0,0,43,49,33,21.9,25.1,0,0,0,0,0,0,0,0
"2019-12-25",801,FALSE,4.25,0,0,0,37,47,29,8.1,14.1,0,0,0,0,0,0,0,0
"2019-12-26",1475,FALSE,8.05,0,0,0,38,47,32,16.1,21.9,1,0,0,0,0,0,0,0
"2019-12-27",1930,FALSE,8.05,0,0,0,48,52,44,13,16.1,0,0,0,0,0,0,0,0
"2019-12-28",1889,TRUE,8.5,0,0,0,47,52,37,15,18.1,1,0,0,0,0,0,0,0
"2019-12-29",989,TRUE,6.49,0.36,0,0,41,44,33,15,18.1,1,0,0,0,0,0,0,0
"2019-12-30",653,FALSE,18.79,0.5,0,0,42,44,38,33.1,42.9,1,0,0,0,0,0,0,0
"2019-12-31",1765,FALSE,11.41,0,0,0,40,44,38,23.9,33.1,0,0,0,0,0,0,0,0
