"","date","bike_counts","weekEnd","Wind_avg","Precip","Snowfall","Snowdepth","Temp_avg","Temp_max","Temp_min","Wind_fast2m","Wind_fast5s","FOG","Thunder","IcePellets","Smoke"
"1","2017-01-01",1312,TRUE,9.84,0,0,0,46,52,34,21,27.1,0,0,0,0
"2","2017-01-02",598,FALSE,10.07,0.31,0,0,40,43,34,16.1,19,1,0,1,1
"3","2017-01-03",1041,FALSE,13.42,0.46,0,0,43,46,41,21,25.9,1,0,0,0
"4","2017-01-04",3173,FALSE,17.67,0,0,0,46,55,35,29.1,40.9,0,0,0,0
"5","2017-01-05",2115,FALSE,17.67,0,0,0,34,35,28,31.1,36.9,0,0,0,0
"6","2017-01-06",1348,FALSE,8.72,0.03,1.1,1.2,32,36,27,17,25.1,0,0,0,0
"7","2017-01-07",349,TRUE,16.11,0.22,8.2,0,25,27,21,29.1,35.1,1,0,0,1
"8","2017-01-08",350,TRUE,18.34,0,0,7.9,21,26,18,29.1,35.1,0,0,0,0
"9","2017-01-09",797,FALSE,11.18,0,0,7.1,20,24,13,21,25.1,0,0,0,0
"10","2017-01-10",1344,FALSE,7.83,0,0,5.9,27,47,20,25.1,30,0,0,0,0
"11","2017-01-11",2467,FALSE,11.63,0.46,0,1.2,45,51,41,23.9,32,1,0,0,0
"12","2017-01-12",3329,FALSE,11.41,0.1,0,1.2,50,61,46,18.1,23,1,0,0,0
"13","2017-01-13",2670,FALSE,16.78,0,0,0,50,58,34,29.1,35.1,0,0,0,0
"14","2017-01-14",917,TRUE,5.82,0.15,1.8,0,32,34,28,14.1,15,1,0,0,1
"15","2017-01-15",1208,TRUE,8.28,0,0,2,35,41,30,14.1,19,0,0,0,0
"16","2017-01-16",1900,FALSE,6.71,0,0,0,35,42,28,13,16.1,0,0,0,0
"17","2017-01-17",1345,FALSE,7.38,0.59,0,0,40,43,39,15,18.1,1,0,0,1
"18","2017-01-18",2424,FALSE,10.74,0.09,0,0,41,42,40,16.1,21,1,0,0,0
"19","2017-01-19",3356,FALSE,8.5,0,0,0,43,54,37,16.1,19,0,0,0,0
"20","2017-01-20",1827,FALSE,5.59,0.08,0,0,44,46,42,12.1,14.1,1,0,0,0
"21","2017-01-21",2040,TRUE,8.5,0,0,0,44,47,42,14.1,17,1,0,0,0
"22","2017-01-22",1351,TRUE,8.95,0.01,0,0,46,54,43,28,34,1,0,0,1
"23","2017-01-23",953,FALSE,25.05,0.84,0,0,44,47,38,36.9,47,1,0,0,0
"24","2017-01-24",844,FALSE,21.7,1.22,0,0,38,40,38,40,52.1,1,0,0,0
"25","2017-01-25",3301,FALSE,14.76,0,0,0,42,51,37,29.1,36.9,0,0,0,0
"26","2017-01-26",2570,FALSE,14.76,0.03,0,0,45,55,42,35.1,42.9,1,0,0,0
"27","2017-01-27",2580,FALSE,20.8,0,0,0,42,46,36,29.1,36.9,0,0,0,0
"28","2017-01-28",1441,TRUE,17.67,0,0,0,37,40,34,28,32,0,0,0,0
"29","2017-01-29",1785,TRUE,11.63,0,0,0,38,46,30,21.9,28,0,0,0,0
"30","2017-01-30",2474,FALSE,12.53,0,0,0,36,39,30,23,28,0,0,0,0
"31","2017-01-31",1660,FALSE,6.26,0.05,0.6,0,30,32,26,14.1,19,1,0,0,0
"32","2017-02-01",2978,FALSE,12.53,0,0,0,38,48,27,21.9,29.1,1,0,0,0
"33","2017-02-02",2827,FALSE,11.86,0,0,0,40,47,32,25.1,32,0,0,0,0
"34","2017-02-03",2089,FALSE,13.2,0,0,0,32,34,26,29.1,35.1,0,0,0,0
"35","2017-02-04",1321,TRUE,14.99,0,0,0,29,35,23,30,36.9,0,0,0,0
"36","2017-02-05",1363,TRUE,12.97,0,0,0,35,42,30,25.1,29.1,0,0,0,0
"37","2017-02-06",2993,FALSE,10.74,0,0,0,42,48,36,21.9,29.1,0,0,0,0
"38","2017-02-07",1634,FALSE,6.93,0.1,0,0,40,44,35,16.1,18.1,1,0,0,1
"39","2017-02-08",3821,FALSE,8.72,0,0,0,48,65,39,19.9,23,1,0,0,1
"40","2017-02-09",233,FALSE,23.04,0.74,8.3,1.2,35,44,19,38,48.1,1,0,1,1
"41","2017-02-10",449,FALSE,16.11,0,0,7.9,24,31,20,23.9,32,0,0,0,0
"42","2017-02-11",829,TRUE,6.93,0,0,5.9,37,45,30,16.1,18.1,0,0,0,0
"43","2017-02-12",392,TRUE,10.74,0.4,0.1,5.1,36,37,32,21,23.9,1,0,1,0
"44","2017-02-13",1532,FALSE,25.72,0,0,3.9,37,39,31,44.1,62,0,0,0,0
"45","2017-02-14",2312,FALSE,11.41,0,0,3.1,33,38,28,21,27.1,0,0,0,0
"46","2017-02-15",2545,FALSE,10.74,0,0,2,38,46,31,30,38.9,0,0,0,0
"47","2017-02-16",2132,FALSE,22.15,0,0,0,35,39,29,30,36.9,0,0,0,0
"48","2017-02-17",2161,FALSE,14.54,0,0,0,33,44,27,25.9,36.9,0,0,0,0
"49","2017-02-18",2754,TRUE,7.16,0,0,0,41,53,30,15,19,0,0,0,0
"50","2017-02-19",3516,TRUE,11.41,0,0,0,55,68,46,23,29.1,0,0,0,0
"51","2017-02-20",2932,FALSE,13.2,0,0,0,52,56,38,21.9,27.1,0,0,0,0
"52","2017-02-21",3128,FALSE,8.5,0,0,0,40,45,31,12.1,0,0,0,0,0
"53","2017-02-22",3533,FALSE,5.82,0,0,0,44,51,39,10.1,0,0,0,0,0
"54","2017-02-23",4203,FALSE,5.37,0,0,0,45,57,38,16.1,19.9,1,0,0,0
"55","2017-02-24",4515,FALSE,11.18,0,0,0,52,62,45,25.9,33.1,1,0,0,0
"56","2017-02-25",2372,TRUE,11.86,0.34,0,0,53,63,47,28,36.9,1,1,0,1
"57","2017-02-26",1851,TRUE,18.57,0,0,0,44,47,37,29.1,38,0,0,0,0
"58","2017-02-27",3441,FALSE,12.3,0,0,0,41,52,32,23.9,31.1,0,0,0,0
"59","2017-02-28",3889,FALSE,6.26,0,0,0,48,58,43,16.1,19,1,0,0,0
"60","2017-03-01",2700,FALSE,11.63,0.01,0,0,51,61,48,25.1,32,1,0,0,0
"61","2017-03-02",2788,FALSE,25.5,0,0,0,52,62,37,40.9,55,0,0,0,0
"62","2017-03-03",2312,FALSE,18.34,0,0,0,37,42,25,33.1,42.9,0,0,0,0
"63","2017-03-04",900,TRUE,20.8,0,0,0,27,34,18,35.1,44.1,0,0,0,0
"64","2017-03-05",966,TRUE,13.65,0,0,0,24,38,16,25.1,33.1,0,0,0,0
"65","2017-03-06",2786,FALSE,8.05,0,0,0,32,42,22,16.1,19,0,0,0,1
"66","2017-03-07",2033,FALSE,10.51,0.11,0,0,44,50,42,21.9,27.1,1,0,0,0
"67","2017-03-08",4101,FALSE,16.55,0.05,0,0,52,61,46,25.9,32,1,0,0,0
"68","2017-03-09",4155,FALSE,19.46,0,0,0,55,64,46,32,40.9,0,0,0,0
"69","2017-03-10",959,FALSE,17.45,0.26,2.4,0,42,49,24,36,44.1,1,0,0,1
"70","2017-03-11",871,TRUE,18.57,0,0,2,25,29,18,33.1,40,0,0,0,0
"71","2017-03-12",755,TRUE,18.34,0,0,1.2,25,32,20,28,36.9,0,0,0,0
"72","2017-03-13",1842,FALSE,9.17,0,0,0,26,34,20,21,25.9,0,0,0,0
"73","2017-03-14",130,FALSE,24.61,1.94,5.1,3.9,32,36,23,38.9,48.1,1,0,1,0
"74","2017-03-15",324,FALSE,21.25,0,0,3.9,25,28,22,32,42.9,0,0,0,0
"75","2017-03-16",598,FALSE,17.22,0,0,3.9,30,40,25,28,36,0,0,0,0
"76","2017-03-17",1052,FALSE,13.2,0,0,3.1,36,45,30,21,25.1,0,0,0,0
"77","2017-03-18",575,TRUE,10.96,0.07,0,2,36,40,28,21.9,27.1,1,0,0,1
"78","2017-03-19",1087,TRUE,14.54,0,0,1.2,40,48,35,23,30,0,0,0,0
"79","2017-03-20",2640,FALSE,12.53,0,0,0,43,55,35,21,27.1,0,0,0,0
"80","2017-03-21",3564,FALSE,9.17,0,0,0,49,57,42,16.1,19,0,0,0,0
"81","2017-03-22",1985,FALSE,23.49,0,0,0,42,50,24,38,53,0,0,0,0
"82","2017-03-23",2230,FALSE,11.63,0,0,0,31,44,23,21,28,0,0,0,0
"83","2017-03-24",2656,FALSE,13.87,0,0,0,40,49,32,23,30,0,0,0,0
"84","2017-03-25",2011,TRUE,8.72,0.01,0,0,51,62,42,19.9,23,0,0,0,0
"85","2017-03-26",1297,TRUE,12.08,0.14,0,0,42,43,39,21,25.1,1,0,0,0
"86","2017-03-27",1775,FALSE,6.04,0.19,0,0,45,58,40,12.1,15,1,0,0,0
"87","2017-03-28",1549,FALSE,8.28,0.93,0,0,47,49,42,21,25.1,1,1,0,0
"88","2017-03-29",4216,FALSE,16.33,0,0,0,49,61,42,25.9,31.1,0,0,0,0
"89","2017-03-30",3922,FALSE,9.62,0.01,0,0,43,50,37,17,23,0,0,0,0
"90","2017-03-31",640,FALSE,16.11,2.07,0,0,41,42,39,31.1,42.1,1,0,0,0
"91","2017-04-01",1358,TRUE,16.55,0.01,0,0,42,47,38,25.9,33.1,1,0,0,0
"92","2017-04-02",3748,TRUE,12.53,0,0,0,50,65,40,25.9,32,0,0,0,0
"93","2017-04-03",4848,FALSE,8.72,0.03,0,0,53,59,42,23,27.1,1,0,0,0
"94","2017-04-04",1833,FALSE,10.51,1.05,0,0,50,54,46,29.1,38.9,1,0,0,0
"95","2017-04-05",5076,FALSE,7.61,0,0,0,49,60,44,19.9,23.9,1,0,0,0
"96","2017-04-06",1262,FALSE,16.11,0.96,0,0,46,54,42,29.1,40,1,1,0,0
"97","2017-04-07",2854,FALSE,20.36,0,0,0,48,52,41,28,38.9,0,0,0,0
"98","2017-04-08",2976,TRUE,17,0,0,0,47,58,41,28,38,0,0,0,0
"99","2017-04-09",4160,TRUE,10.51,0,0,0,51,61,40,25.1,31.1,0,0,0,0
"100","2017-04-10",6099,FALSE,11.41,0,0,0,52,62,43,25.9,33.1,0,0,0,0
"101","2017-04-11",7026,FALSE,6.71,0,0,0,56,66,47,19.9,25.1,0,0,0,0
"102","2017-04-12",5453,FALSE,6.93,0.05,0,0,60,73,52,21.9,25.1,0,0,0,0
"103","2017-04-13",5796,FALSE,12.53,0,0,0,56,66,49,23.9,29.1,0,0,0,0
"104","2017-04-14",4847,FALSE,7.61,0,0,0,54,60,47,16.1,19,0,0,0,0
"105","2017-04-15",3628,TRUE,11.18,0,0,0,51,58,44,23.9,28,0,0,0,0
"106","2017-04-16",4382,TRUE,13.2,0.01,0,0,64,83,51,36.9,47,1,0,0,0
"107","2017-04-17",6139,FALSE,14.99,0,0,0,70,76,58,29.1,34,0,0,0,0
"108","2017-04-18",6478,FALSE,12.75,0,0,0,58,62,47,21,23.9,0,0,0,0
"109","2017-04-19",4481,FALSE,12.53,0,0,0,48,52,45,21,23.9,0,0,0,0
"110","2017-04-20",3225,FALSE,6.49,0.17,0,0,54,64,50,17,23,1,0,0,1
"111","2017-04-21",3007,FALSE,9.17,0.03,0,0,53,58,49,21,27.1,1,0,0,0
"112","2017-04-22",2174,TRUE,7.83,0.11,0,0,53,58,50,21,25.1,1,0,0,0
"113","2017-04-23",4485,TRUE,11.18,0,0,0,53,61,47,18.1,25.1,0,0,0,0
"114","2017-04-24",5168,FALSE,7.38,0.01,0,0,51,57,44,15,19,0,0,0,0
"115","2017-04-25",1332,FALSE,17,0.98,0,0,54,59,51,25.9,35.1,1,0,0,0
"116","2017-04-26",2635,FALSE,8.72,0.48,0,0,57,62,54,21,25.1,1,0,0,0
"117","2017-04-27",5107,FALSE,7.61,0.01,0,0,60,65,56,17,21,1,0,0,0
"118","2017-04-28",6516,FALSE,6.49,0,0,0,62,74,55,19.9,23.9,1,0,0,1
"119","2017-04-29",5281,TRUE,12.75,0.16,0,0,69,85,60,30,38.9,1,1,0,0
"120","2017-04-30",3858,TRUE,13.87,0,0,0,64,70,51,25.1,33.1,1,0,0,0
"121","2017-05-01",6006,FALSE,12.75,0,0,0,55,67,50,28,34,1,0,0,0
"122","2017-05-02",6800,FALSE,18.34,0.02,0,0,66,77,59,36,47,1,0,0,0
"123","2017-05-03",6790,FALSE,17.45,0,0,0,64,68,52,30,36.9,0,0,0,0
"124","2017-05-04",6284,FALSE,11.18,0,0,0,55,61,44,19.9,25.1,0,0,0,0
"125","2017-05-05",1414,FALSE,15.66,1.78,0,0,55,61,51,30,38,1,1,0,0
"126","2017-05-06",3652,TRUE,19.24,0.05,0,0,58,62,54,28,36,1,0,0,1
"127","2017-05-07",3397,TRUE,15.43,0,0,0,54,57,49,23.9,29.1,0,0,0,0
"128","2017-05-08",5635,FALSE,11.86,0,0,0,53,61,42,23.9,34,0,0,0,0
"129","2017-05-09",6243,FALSE,7.83,0,0,0,54,63,47,16.1,19.9,0,0,0,0
"130","2017-05-10",6176,FALSE,5.82,0,0,0,54,60,50,13,16.1,0,0,0,0
"131","2017-05-11",5975,FALSE,6.26,0,0,0,54,61,48,13,16.1,0,0,0,0
"132","2017-05-12",5182,FALSE,8.5,0,0,0,53,61,47,17,23,0,0,0,0
"133","2017-05-13",445,TRUE,14.76,1.65,0,0,51,53,47,28,36.9,1,0,0,0
"134","2017-05-14",2575,TRUE,15.88,0.01,0,0,54,70,47,36,45,0,1,0,0
"135","2017-05-15",5663,FALSE,20.58,0,0,0,61,69,54,35.1,42.9,0,0,0,0
"136","2017-05-16",7574,FALSE,11.41,0,0,0,66,78,58,21,25.1,0,0,0,0
"137","2017-05-17",7653,FALSE,9.62,0,0,0,67,77,57,21.9,27.1,0,0,0,0
"138","2017-05-18",6681,FALSE,10.74,0,0,0,74,85,65,21,23.9,0,0,0,0
"139","2017-05-19",6228,FALSE,12.97,0,0,0,79,92,67,23,29.1,0,0,0,0
"140","2017-05-20",3663,TRUE,10.51,0,0,0,65,67,53,23,30,0,0,0,0
"141","2017-05-21",4432,TRUE,8.72,0,0,0,58,65,49,17,21,0,0,0,0
"142","2017-05-22",1548,FALSE,8.5,0.65,0,0,57,63,55,17,19.9,1,0,0,0
"143","2017-05-23",6469,FALSE,6.71,0,0,0,63,70,59,15,19.9,1,0,0,0
"144","2017-05-24",5805,FALSE,9.17,0.02,0,0,62,69,57,18.1,21.9,0,0,0,0
"145","2017-05-25",1122,FALSE,13.42,1.14,0,0,58,61,56,23.9,34,1,1,0,0
"146","2017-05-26",4365,FALSE,12.3,0.19,0,0,64,77,57,23,28,1,1,0,0
"147","2017-05-27",3774,TRUE,8.72,0,0,0,67,73,60,19.9,25.1,0,0,0,0
"148","2017-05-28",3816,TRUE,8.72,0,0,0,63,68,58,16.1,21,1,0,0,0
"149","2017-05-29",1623,FALSE,8.5,0.29,0,0,59,61,56,15,21,1,0,0,0
"150","2017-05-30",5190,FALSE,9.4,0,0,0,57,60,55,15,19,1,0,0,0
"151","2017-05-31",5496,FALSE,6.71,0.03,0,0,62,73,58,12.1,0,1,0,0,0
"152","2017-06-01",7077,FALSE,9.84,0,0,0,68,82,60,23,28,1,0,0,1
"153","2017-06-02",6770,FALSE,11.41,0,0,0,68,77,57,23.9,31.1,0,0,0,0
"154","2017-06-03",4271,TRUE,11.41,0.02,0,0,66,76,56,23.9,29.1,0,0,0,0
"155","2017-06-04",2962,TRUE,6.26,0.09,0,0,65,70,54,16.1,19.9,1,0,0,0
"156","2017-06-05",4363,FALSE,7.61,0.4,0,0,65,71,60,19.9,25.1,1,1,0,1
"157","2017-06-06",2871,FALSE,11.63,0.05,0,0,58,60,53,18.1,23,1,0,0,0
"158","2017-06-07",6975,FALSE,9.17,0,0,0,58,68,52,15,21,0,0,0,0
"159","2017-06-08",6855,FALSE,5.82,0,0,0,61,67,54,15,19,0,0,0,0
"160","2017-06-09",6639,FALSE,9.4,0,0,0,66,84,51,21.9,29.1,0,0,0,0
"161","2017-06-10",4948,TRUE,11.18,0,0,0,74,81,62,23,29.1,0,0,0,0
"162","2017-06-11",4184,TRUE,10.51,0,0,0,74,87,66,21,25.9,0,0,0,0
"163","2017-06-12",6048,FALSE,11.18,0,0,0,80,92,69,21,23,0,0,0,0
"164","2017-06-13",5935,FALSE,9.84,0,0,0,82,94,72,21,25.1,0,0,0,0
"165","2017-06-14",5396,FALSE,7.16,0.3,0,0,77,82,64,17,23,1,1,0,0
"166","2017-06-15",7630,FALSE,9.62,0,0,0,67,72,61,17,21.9,0,0,0,0
"167","2017-06-16",4668,FALSE,8.5,0.03,0,0,66,70,63,19.9,23,1,0,0,0
"168","2017-06-17",2469,TRUE,5.82,0.34,0,0,68,73,66,12.1,14.1,1,0,0,0
"169","2017-06-18",3795,TRUE,15.66,0,0,0,72,79,69,30,38.9,1,0,0,0
"170","2017-06-19",3402,FALSE,17.22,1.12,0,0,74,79,68,32,40.9,1,1,0,0
"171","2017-06-20",7218,FALSE,13.65,0.01,0,0,75,86,67,23,30,1,0,0,0
"172","2017-06-21",7169,FALSE,11.63,0,0,0,78,86,69,21,23.9,0,0,0,0
"173","2017-06-22",7361,FALSE,8.5,0,0,0,74,79,66,19.9,23.9,0,0,0,0
"174","2017-06-23",4477,FALSE,11.41,0,0,0,75,83,71,21,25.1,1,0,0,0
"175","2017-06-24",3667,TRUE,12.08,1.73,0,0,78,87,70,25.9,31.1,1,1,0,0
"176","2017-06-25",4623,TRUE,9.62,0,0,0,76,82,69,23.9,29.1,0,0,0,0
"177","2017-06-26",6966,FALSE,11.63,0,0,0,72,78,64,23,28,0,0,0,0
"178","2017-06-27",7075,FALSE,8.95,0.11,0,0,70,77,62,18.1,21.9,1,0,0,0
"179","2017-06-28",7951,FALSE,11.86,0,0,0,71,82,63,23,28,0,0,0,0
"180","2017-06-29",7276,FALSE,16.33,0,0,0,71,77,67,33.1,38.9,0,0,0,0
"181","2017-06-30",5656,FALSE,14.99,0,0,0,72,80,68,29.1,36.9,0,0,0,0
"182","2017-07-01",2812,TRUE,12.3,0.53,0,0,72,78,67,25.1,32,1,1,0,0
"183","2017-07-02",3559,TRUE,10.07,0,0,0,77,89,71,19.9,25.1,1,0,0,0
"184","2017-07-03",3923,FALSE,7.83,0,0,0,79,89,71,19.9,23.9,0,0,0,0
"185","2017-07-04",3796,FALSE,6.49,0,0,0,77,85,70,16.1,19,0,0,0,0
"186","2017-07-05",6488,FALSE,8.95,0,0,0,76,83,69,17,21,0,0,0,0
"187","2017-07-06",6004,FALSE,8.28,0,0,0,73,77,69,14.1,17,0,0,0,0
"188","2017-07-07",3388,FALSE,8.95,1.92,0,0,73,83,69,25.9,30,1,0,0,0
"189","2017-07-08",4559,TRUE,10.96,0,0,0,77,87,70,23.9,28,1,0,0,0
"190","2017-07-09",5142,TRUE,11.41,0,0,0,77,83,69,19.9,23,0,0,0,0
"191","2017-07-10",7257,FALSE,12.75,0,0,0,75,83,66,28,34,0,0,0,0
"192","2017-07-11",6179,FALSE,9.84,0.16,0,0,78,88,73,23.9,35.1,1,1,0,1
"193","2017-07-12",6068,FALSE,13.2,0.01,0,0,81,91,75,25.9,31.1,0,0,0,0
"194","2017-07-13",4941,FALSE,10.96,0.03,0,0,84,93,70,25.1,30,1,0,0,0
"195","2017-07-14",2044,FALSE,9.17,0.21,0,0,70,70,65,16.1,21,1,1,0,0
"196","2017-07-15",4595,TRUE,5.82,0.01,0,0,73,84,68,13,15,1,0,0,0
"197","2017-07-16",4930,TRUE,8.5,0,0,0,77,83,68,16.1,18.1,0,0,0,0
"198","2017-07-17",7069,FALSE,9.17,0,0,0,77,84,71,18.1,23,0,0,0,0
"199","2017-07-18",7460,FALSE,9.4,0,0,0,78,85,72,18.1,25.1,0,0,0,0
"200","2017-07-19",6507,FALSE,11.41,0,0,0,80,91,75,21.9,25.9,0,0,0,0
"201","2017-07-20",5745,FALSE,9.4,0,0,0,84,94,77,21,23.9,1,0,0,0
"202","2017-07-21",5246,FALSE,10.74,0,0,0,86,95,79,21,25.1,0,0,0,1
"203","2017-07-22",3520,TRUE,7.61,0.62,0,0,84,88,73,15,17,1,0,0,0
"204","2017-07-23",3527,TRUE,7.83,0.37,0,0,76,81,71,16.1,19.9,1,0,0,0
"205","2017-07-24",3445,FALSE,11.41,0.78,0,0,71,74,64,25.9,32,1,0,0,0
"206","2017-07-25",6960,FALSE,7.38,0,0,0,67,72,63,13,15,0,0,0,0
"207","2017-07-26",7683,FALSE,7.83,0,0,0,70,76,63,14.1,19.9,0,0,0,0
"208","2017-07-27",6386,FALSE,9.84,0,0,0,71,78,65,17,19.9,0,0,0,0
"209","2017-07-28",5838,FALSE,6.04,0,0,0,76,83,70,13,15,0,0,0,0
"210","2017-07-29",3531,TRUE,17,0.01,0,0,73,76,66,30,38,0,0,0,0
"211","2017-07-30",4988,TRUE,9.17,0,0,0,72,83,62,16.1,19.9,0,0,0,0
"212","2017-07-31",7099,FALSE,8.5,0,0,0,75,86,66,15,19,0,0,0,0
"213","2017-08-01",7078,FALSE,8.05,0,0,0,78,88,69,16.1,18.1,0,0,0,0
"214","2017-08-02",5732,FALSE,7.38,0.01,0,0,77,85,71,30,36,1,1,0,0
"215","2017-08-03",6448,FALSE,7.61,0,0,0,75,83,68,16.1,19.9,0,0,0,0
"216","2017-08-04",4221,FALSE,11.63,0.06,0,0,77,83,73,19.9,25.1,1,1,0,0
"217","2017-08-05",4225,TRUE,12.75,0.27,0,0,76,82,71,23,30,1,1,0,0
"218","2017-08-06",4783,TRUE,12.3,0,0,0,73,80,66,19.9,25.9,0,0,0,0
"219","2017-08-07",1705,FALSE,7.16,0.39,0,0,70,72,66,16.1,19.9,1,0,0,0
"220","2017-08-08",6910,FALSE,8.5,0,0,0,71,82,66,18.1,23,1,0,0,0
"221","2017-08-09",7476,FALSE,7.61,0,0,0,74,83,65,14.1,17,0,0,0,0
"222","2017-08-10",7122,FALSE,6.93,0,0,0,74,82,67,16.1,18.1,0,0,0,1
"223","2017-08-11",6046,FALSE,10.07,0,0,0,74,81,67,18.1,21.9,0,0,0,0
"224","2017-08-12",4061,TRUE,7.61,0.21,0,0,71,78,65,17,19.9,1,1,0,0
"225","2017-08-13",4820,TRUE,8.05,0,0,0,78,87,71,16.1,21.9,0,0,0,0
"226","2017-08-14",6435,FALSE,7.38,0,0,0,76,81,68,14.1,16.1,0,0,0,0
"227","2017-08-15",4787,FALSE,5.82,0.44,0,0,73,76,68,12.1,14.1,1,0,0,0
"228","2017-08-16",6923,FALSE,6.71,0,0,0,77,88,70,16.1,19.9,1,0,0,0
"229","2017-08-17",6684,FALSE,8.95,0,0,0,75,80,69,15,18.1,1,0,0,0
"230","2017-08-18",2162,FALSE,13.42,0.27,0,0,76,81,73,23,30,1,1,0,0
"231","2017-08-19",4575,TRUE,10.51,0,0,0,78,87,73,16.1,19.9,0,0,0,0
"232","2017-08-20",4309,TRUE,11.41,0,0,0,78,85,71,18.1,23.9,0,0,0,0
"233","2017-08-21",6127,FALSE,10.29,0,0,0,78,87,70,23,27.1,0,0,0,0
"234","2017-08-22",5901,FALSE,14.54,0.17,0,0,78,86,74,31.1,36,1,1,0,0
"235","2017-08-23",6355,FALSE,10.29,0.06,0,0,78,84,69,18.1,23.9,1,1,0,0
"236","2017-08-24",6792,FALSE,8.28,0,0,0,74,84,65,17,21.9,0,0,0,0
"237","2017-08-25",5995,FALSE,6.71,0,0,0,71,80,64,16.1,21,0,0,0,0
"238","2017-08-26",4361,TRUE,6.49,0,0,0,71,80,62,15,19.9,0,0,0,0
"239","2017-08-27",4510,TRUE,7.16,0,0,0,69,80,60,14.1,19,0,0,0,0
"240","2017-08-28",6685,FALSE,10.51,0,0,0,68,78,60,19.9,23.9,0,0,0,0
"241","2017-08-29",3071,FALSE,11.86,0.57,0,0,65,69,62,18.1,23,1,0,0,0
"242","2017-08-30",6914,FALSE,12.75,0.05,0,0,67,80,60,21,25.9,1,0,0,0
"243","2017-08-31",6442,FALSE,13.42,0,0,0,74,86,65,21,28,0,0,0,0
"244","2017-09-01",5364,FALSE,10.74,0,0,0,66,74,56,17,25.9,0,0,0,0
"245","2017-09-02",2927,TRUE,9.84,0.54,0,0,63,68,54,19.9,25.9,1,0,0,0
"246","2017-09-03",1739,TRUE,14.09,0.46,0,0,63,73,59,21.9,27.1,1,0,0,1
"247","2017-09-04",4454,FALSE,13.65,0,0,0,70,79,63,23.9,28,0,0,0,0
"248","2017-09-05",6984,FALSE,13.65,0,0,0,74,81,68,28,35.1,0,0,0,0
"249","2017-09-06",2535,FALSE,8.05,0.5,0,0,70,74,62,21.9,27.1,1,1,0,1
"250","2017-09-07",6819,FALSE,12.97,0,0,0,66,74,61,23,27.1,0,0,0,0
"251","2017-09-08",6606,FALSE,11.63,0,0,0,67,75,59,19.9,23,0,0,0,0
"252","2017-09-09",4758,TRUE,11.63,0,0,0,65,72,56,21,25.1,0,0,0,0
"253","2017-09-10",5392,TRUE,10.07,0,0,0,65,75,57,21.9,28,0,0,0,0
"254","2017-09-11",7512,FALSE,6.49,0,0,0,67,80,56,12.1,16.1,0,0,0,0
"255","2017-09-12",7692,FALSE,6.26,0,0,0,69,80,59,13,15,0,0,0,0
"256","2017-09-13",7209,FALSE,8.28,0.4,0,0,70,80,61,16.1,21,1,1,0,0
"257","2017-09-14",6438,FALSE,8.05,0,0,0,72,79,67,19.9,23.9,1,0,0,0
"258","2017-09-15",6715,FALSE,6.26,0,0,0,73,81,66,14.1,17,1,0,0,0
"259","2017-09-16",4609,TRUE,5.37,0,0,0,73,79,68,14.1,17,1,0,0,1
"260","2017-09-17",4649,TRUE,4.92,0,0,0,71,78,67,13,16.1,1,0,0,0
"261","2017-09-18",6085,FALSE,9.62,0,0,0,71,77,67,15,21,1,0,0,0
"262","2017-09-19",4521,FALSE,18.79,0.26,0,0,72,77,69,29.1,38.9,1,0,0,0
"263","2017-09-20",6592,FALSE,17,0,0,0,75,81,71,28,33.1,0,0,0,0
"264","2017-09-21",6386,FALSE,13.65,0,0,0,76,81,71,21.9,28,0,0,0,0
"265","2017-09-22",5988,FALSE,18.12,0,0,0,75,83,67,25.1,32,0,0,0,0
"266","2017-09-23",4633,TRUE,11.41,0,0,0,77,88,68,19.9,25.1,0,0,0,0
"267","2017-09-24",4227,TRUE,5.59,0,0,0,77,92,65,13,17,0,0,0,0
"268","2017-09-25",7008,FALSE,5.14,0,0,0,74,85,65,12.1,14.1,0,0,0,1
"269","2017-09-26",7431,FALSE,6.26,0,0,0,71,78,67,12.1,14.1,1,0,0,0
"270","2017-09-27",7088,FALSE,7.38,0,0,0,75,87,69,15,19,1,0,0,0
"271","2017-09-28",7055,FALSE,17,0,0,0,75,80,60,25.9,32,1,0,0,0
"272","2017-09-29",5966,FALSE,6.93,0,0,0,62,69,54,16.1,21,0,0,0,1
"273","2017-09-30",3319,TRUE,14.09,0.04,0,0,61,67,54,25.1,31.1,1,0,0,0
"366","2018-01-01",286,FALSE,17.67,0,0,0,12,18,7,29.1,34,0,0,0,0
"367","2018-01-02",1107,FALSE,15.66,0,0,0,18,26,13,23,29.1,0,0,0,0
"368","2018-01-03",1539,FALSE,8.28,0,0,0,21,28,12,19.9,23,0,0,0,0
"369","2018-01-04",170,FALSE,28.19,0.49,8,1.2,25,29,19,44.1,55,1,0,0,0
"370","2018-01-05",303,FALSE,25.05,0,0,7.9,15,19,9,36,46.1,0,0,0,0
"371","2018-01-06",258,TRUE,22.15,0,0,7.9,11,14,7,31.1,38.9,0,0,0,0
"372","2018-01-07",318,TRUE,13.87,0,0,7.9,9,18,4,23.9,31.1,0,0,0,0
"373","2018-01-08",902,FALSE,13.42,0.02,0,7.9,22,32,17,23,25.9,0,0,1,0
"374","2018-01-09",1520,FALSE,13.42,0,0,7.1,34,43,26,25.9,30,0,0,0,0
"375","2018-01-10",1858,FALSE,4.92,0,0,5.1,32,39,21,8.9,12.1,0,0,0,0
"376","2018-01-11",2310,FALSE,2.91,0,0,3.1,41,48,37,13,16.1,1,0,0,0
"377","2018-01-12",1062,FALSE,16.11,0.45,0,1.2,47,54,42,29.1,38,1,0,0,0
"378","2018-01-13",1064,TRUE,20.58,0.08,0,0,41,53,20,33.1,40,1,0,0,0
"379","2018-01-14",687,TRUE,15.66,0,0,0,20,25,15,23,27.1,0,0,0,0
"380","2018-01-15",1034,FALSE,11.86,0,0,0,22,30,17,19.9,23.9,0,0,0,0
"381","2018-01-16",2009,FALSE,6.26,0,0,0,29,39,21,10.1,12.1,0,0,0,0
"382","2018-01-17",1062,FALSE,11.41,0.22,0.2,0,35,37,23,19.9,23,1,0,0,0
"383","2018-01-18",1862,FALSE,14.99,0,0,0,26,34,19,21,27.1,0,0,0,0
"384","2018-01-19",2182,FALSE,10.29,0,0,0,30,38,22,16.1,19.9,0,0,0,0
"385","2018-01-20",2029,TRUE,13.42,0,0,0,40,54,29,25.1,31.1,0,0,0,0
"386","2018-01-21",1975,TRUE,6.71,0,0,0,41,51,30,14.1,17,0,0,0,0
"387","2018-01-22",3184,FALSE,5.37,0,0,0,44,52,40,16.1,19.9,1,0,0,0
"388","2018-01-23",1642,FALSE,14.09,0.22,0,0,46,54,40,30,36.9,1,1,0,0
"389","2018-01-24",2995,FALSE,17.22,0,0,0,42,44,27,25.1,32,0,0,0,0
"390","2018-01-25",2204,FALSE,15.43,0,0,0,29,35,23,23.9,31.1,0,0,0,0
"391","2018-01-26",2220,FALSE,8.5,0,0,0,30,36,24,16.1,19,0,0,0,0
"392","2018-01-27",2281,TRUE,11.86,0,0,0,38,49,31,21.9,25.9,0,0,0,0
"393","2018-01-28",925,TRUE,5.14,0.26,0,0,46,50,42,15,19,1,0,0,0
"394","2018-01-29",2987,FALSE,15.21,0,0.1,0,42,44,32,21.9,28,1,0,0,0
"395","2018-01-30",1640,FALSE,15.21,0.1,1.4,1.2,33,36,24,29.1,36.9,1,0,0,0
"396","2018-01-31",2043,FALSE,13.87,0,0,0,25,32,18,23.9,29.1,0,0,0,0
"397","2018-02-01",2510,FALSE,8.28,0.05,0,0,35,41,31,16.1,19.9,1,0,0,0
"398","2018-02-02",1555,FALSE,20.13,0.21,0,0,33,40,17,35.1,44.1,1,0,0,0
"399","2018-02-03",933,TRUE,15.66,0,0,0,22,30,16,29.1,38,0,0,0,0
"400","2018-02-04",710,TRUE,10.29,0.96,0,0,35,47,30,21.9,23.9,1,0,0,0
"401","2018-02-05",2196,FALSE,15.43,0,0,0,38,43,23,32,38.9,1,0,0,0
"402","2018-02-06",2487,FALSE,5.82,0,0,0,30,36,25,13,14.1,0,0,0,0
"403","2018-02-07",869,FALSE,12.53,0.84,0.3,0,33,46,27,35.1,46.1,1,0,1,0
"404","2018-02-08",2143,FALSE,13.42,0,0,0,33,34,26,28,35.1,0,0,0,0
"405","2018-02-09",2047,FALSE,10.07,0,0,0,29,38,24,21.9,25.9,0,0,0,0
"406","2018-02-10",1079,TRUE,4.47,0.27,0,0,41,49,35,12.1,17,1,0,0,0
"407","2018-02-11",374,TRUE,8.95,1.13,0,0,47,51,44,25.1,31.1,1,0,0,0
"408","2018-02-12",2800,FALSE,14.76,0,0,0,46,58,33,25.9,32,1,0,0,0
"409","2018-02-13",2635,FALSE,9.84,0,0,0,32,36,25,23,28,0,0,0,0
"410","2018-02-14",3208,FALSE,8.95,0.06,0,0,37,47,33,16.1,19,1,0,0,0
"411","2018-02-15",3381,FALSE,5.82,0.15,0,0,45,52,41,13,14.1,1,0,0,0
"412","2018-02-16",1625,FALSE,13.42,0.11,0,0,51,59,36,36,42.9,1,0,0,0
"413","2018-02-17",1044,TRUE,9.62,0.48,2.2,0,35,38,28,21,23.9,1,0,0,0
"414","2018-02-18",1190,TRUE,10.74,0.02,0.1,2,37,45,32,32,40,1,0,0,0
"415","2018-02-19",1664,FALSE,8.5,0.01,0,0,39,47,30,16.1,19,1,0,0,0
"416","2018-02-20",3899,FALSE,6.93,0,0,0,49,64,43,16.1,21,1,0,0,0
"417","2018-02-21",4830,FALSE,8.95,0.03,0,0,51,65,44,19.9,23,1,0,0,0
"418","2018-02-22",1665,FALSE,13.87,0.11,0,0,49,58,37,23,30,1,0,0,0
"419","2018-02-23",1382,FALSE,8.95,0.12,0,0,38,40,36,16.1,21,1,0,0,0
"420","2018-02-24",1369,TRUE,9.4,0.08,0,0,45,54,40,17,21,1,0,0,0
"421","2018-02-25",713,TRUE,11.63,1.3,0,0,44,45,41,25.9,36,1,0,0,0
"422","2018-02-26",3825,FALSE,8.72,0,0,0,45,52,39,21,31.1,1,0,0,0
"423","2018-02-27",4560,FALSE,11.63,0,0,0,45,54,36,21,25.9,0,0,0,0
"424","2018-02-28",4560,FALSE,8.5,0,0,0,43,53,36,15,18.1,0,0,0,0
"425","2018-03-01",3241,FALSE,8.72,0.57,0,0,49,58,41,23,29.1,1,0,0,0
"426","2018-03-02",417,FALSE,29.97,2.16,0,0,41,45,34,51,66,1,0,1,0
"427","2018-03-03",1551,TRUE,28.41,0,0,0,40,48,36,38.9,51,0,0,0,0
"428","2018-03-04",1430,TRUE,21.7,0,0,0,41,45,34,30,38.9,0,0,0,0
"429","2018-03-05",3059,FALSE,19.46,0,0.1,0,37,42,32,29.1,34,0,0,0,0
"430","2018-03-06",3462,FALSE,10.29,0,0,0,37,43,30,18.1,23,0,0,0,0
"431","2018-03-07",495,FALSE,18.57,1.02,2.8,0,36,37,32,36,47,1,0,0,0
"432","2018-03-08",1335,FALSE,15.21,0,0,1.2,36,41,33,21.9,25.9,1,0,0,0
"433","2018-03-09",2199,FALSE,18.79,0,0,0,36,44,30,30,36.9,0,0,0,0
"434","2018-03-10",1604,TRUE,16.33,0,0,0,36,42,32,23.9,30,0,0,0,0
"435","2018-03-11",1701,TRUE,11.63,0,0,0,38,46,32,23,28,0,0,0,0
"436","2018-03-12",2839,FALSE,13.42,0.03,0,0,38,45,30,23.9,30,0,0,0,0
"437","2018-03-13",1075,FALSE,20.13,0.21,1.2,1.2,36,42,33,31.1,38,1,0,0,0
"438","2018-03-14",2580,FALSE,22.59,0,0,0,35,42,31,32,38.9,0,0,0,0
"439","2018-03-15",2754,FALSE,19.69,0,0,0,38,48,32,28,35.1,0,0,0,0
"440","2018-03-16",2419,FALSE,20.58,0,0,0,37,41,31,33.1,40,0,0,0,0
"441","2018-03-17",1717,TRUE,16.55,0,0,0,36,50,27,28,34,0,0,0,0
"442","2018-03-18",1453,TRUE,13.2,0,0,0,36,44,28,28,33.1,0,0,0,0
"443","2018-03-19",3186,FALSE,6.93,0,0,0,38,47,29,16.1,21,0,0,0,0
"444","2018-03-20",2489,FALSE,11.86,0.03,0,0,34,37,30,21.9,27.1,0,0,1,0
"445","2018-03-21",334,FALSE,19.01,0.88,8.4,0,35,38,31,32,40,1,0,1,0
"446","2018-03-22",978,FALSE,17.67,0.03,0.3,9.1,37,48,31,25.1,33.1,1,0,0,0
"447","2018-03-23",2512,FALSE,12.08,0,0,5.1,41,49,33,23,32,0,0,0,0
"448","2018-03-24",2227,TRUE,12.97,0,0,2,42,51,35,19.9,25.1,0,0,0,0
"449","2018-03-25",1564,TRUE,13.2,0,0,0,40,45,32,23,29.1,0,0,0,0
"450","2018-03-26",3577,FALSE,8.95,0,0,0,38,47,29,21,25.9,0,0,0,0
"451","2018-03-27",3465,FALSE,6.26,0,0,0,36,42,30,13,17,0,0,0,0
"452","2018-03-28",3129,FALSE,7.38,0.03,0,0,41,49,37,16.1,18.1,1,0,0,0
"453","2018-03-29",2871,FALSE,5.59,0.03,0,0,46,49,44,15,18.1,1,0,0,0
"454","2018-03-30",2073,FALSE,13.87,0.09,0,0,49,62,43,23.9,31.1,1,0,0,0
"455","2018-03-31",2916,TRUE,15.88,0,0,0,45,52,37,25.1,32,0,0,0,0
"456","2018-04-01",2181,TRUE,12.75,0,0,0,48,63,41,23.9,28,0,0,0,0
"457","2018-04-02",978,FALSE,9.4,0.33,3.7,2,39,42,32,18.1,21.9,1,0,0,0
"458","2018-04-03",1592,FALSE,8.05,0.14,0,0,39,42,34,17,19.9,1,0,0,0
"459","2018-04-04",2274,FALSE,17.45,0.17,0,0,46,57,40,38,52.1,1,0,0,0
"460","2018-04-05",3121,FALSE,18.34,0,0,0,41,46,33,29.1,38,0,0,0,0
"461","2018-04-06",2110,FALSE,12.08,0.08,0,0,41,53,32,30,35.1,1,0,0,0
"462","2018-04-07",1990,TRUE,12.97,0,0,0,44,48,37,25.1,30,0,0,0,0
"463","2018-04-08",1995,TRUE,17.67,0,0,0,38,46,32,29.1,38,0,0,0,0
"464","2018-04-09",3323,FALSE,12.53,0,0,0,37,45,30,21.9,25.9,0,0,0,0
"465","2018-04-10",3185,FALSE,10.51,0.01,0,0,42,51,37,19.9,28,1,0,0,1
"466","2018-04-11",4352,FALSE,10.29,0,0,0,42,49,31,21,23,0,0,0,0
"467","2018-04-12",4613,FALSE,13.87,0,0,0,46,54,40,31.1,38,0,0,0,0
"468","2018-04-13",5729,FALSE,12.75,0,0,0,56,70,48,21,25.1,0,0,0,0
"469","2018-04-14",5395,TRUE,12.3,0,0,0,55,67,45,32,40.9,1,0,0,1
"470","2018-04-15",1032,TRUE,20.36,0.25,0,0,43,45,38,28,36,1,0,0,0
"471","2018-04-16",1251,FALSE,24.16,1.53,0,0,47,57,40,40.9,50.1,1,1,0,0
"472","2018-04-17",3772,FALSE,17.9,0,0,0,45,48,39,25.9,33.1,0,0,0,0
"473","2018-04-18",4521,FALSE,14.99,0,0,0,44,53,37,23,28,0,0,0,0
"474","2018-04-19",2664,FALSE,14.09,0.15,0,0,45,48,38,29.1,36.9,1,0,0,0
"475","2018-04-20",3709,FALSE,18.79,0,0,0,43,52,36,28,34,0,0,0,0
"476","2018-04-21",3975,TRUE,11.63,0,0,0,47,61,38,23,28,0,0,0,0
"477","2018-04-22",4311,TRUE,10.51,0,0,0,51,61,41,23,27.1,0,0,0,0
"478","2018-04-23",6043,FALSE,8.28,0,0,0,50,61,39,18.1,21,0,0,0,0
"479","2018-04-24",5857,FALSE,12.3,0,0,0,51,62,41,23,28,1,0,0,0
"480","2018-04-25",1717,FALSE,11.63,0.34,0,0,54,57,51,25.1,34,1,0,0,0
"481","2018-04-26",6654,FALSE,12.53,0.04,0,0,58,68,51,23,29.1,1,0,0,0
"482","2018-04-27",2578,FALSE,8.5,0.12,0,0,54,56,48,21.9,28,1,0,0,0
"483","2018-04-28",4830,TRUE,9.62,0.01,0,0,52,60,45,19.9,23,1,0,0,1
"484","2018-04-29",3554,TRUE,14.76,0.13,0,0,54,59,47,25.9,32,1,0,0,0
"485","2018-04-30",3875,FALSE,16.11,0,0,0,49,53,46,32,40,0,0,0,0
"486","2018-05-01",8035,FALSE,10.51,0,0,0,58,76,47,21.9,28,0,0,0,0
"487","2018-05-02",8380,FALSE,11.41,0,0,0,67,83,53,21,28,0,0,0,0
"488","2018-05-03",7179,FALSE,11.41,0,0,0,70,84,59,21.9,27.1,0,0,0,0
"489","2018-05-04",6823,FALSE,12.53,0,0,0,68,78,58,28,35.1,1,0,0,0
"490","2018-05-05",5656,TRUE,14.32,0,0,0,66,76,56,25.9,34,0,0,0,0
"491","2018-05-06",3638,TRUE,7.38,0,0,0,60,66,56,18.1,21.9,0,0,0,0
"492","2018-05-07",7267,FALSE,8.5,0,0,0,61,73,52,16.1,19.9,0,0,0,0
"493","2018-05-08",7959,FALSE,6.71,0,0,0,58,67,50,15,0,0,0,0,0
"494","2018-05-09",7930,FALSE,6.49,0,0,0,56,63,49,14.1,0,1,0,0,0
"495","2018-05-10",5638,FALSE,8.28,0.01,0,0,56,62,53,23,29.1,1,1,0,0
"496","2018-05-11",6849,FALSE,11.41,0,0,0,65,74,58,18.1,28,0,0,0,0
"497","2018-05-12",1864,TRUE,8.05,0.25,0,0,60,65,52,16.1,18.1,1,0,0,0
"498","2018-05-13",1347,TRUE,8.05,0.16,0,0,53,54,51,17,21.9,1,0,0,0
"499","2018-05-14",5665,FALSE,7.16,0.12,0,0,55,64,51,15,18.1,1,0,0,0
"500","2018-05-15",4648,FALSE,10.96,0.44,0,0,63,76,56,44.1,55,1,1,0,0
"501","2018-05-16",2269,FALSE,10.07,0.33,0,0,62,65,56,21.9,29.1,1,0,0,0
"502","2018-05-17",3159,FALSE,5.37,0.72,0,0,59,67,55,14.1,16.1,1,0,0,0
"503","2018-05-18",5104,FALSE,12.08,0,0,0,61,64,55,23.9,33.1,1,0,0,0
"504","2018-05-19",926,TRUE,8.95,0.75,0,0,54,57,50,21,25.9,1,0,0,0
"505","2018-05-20",3649,TRUE,12.97,0,0,0,67,83,57,23,32,1,0,0,0
"506","2018-05-21",7894,FALSE,9.62,0,0,0,67,73,57,19.9,23.9,0,0,0,0
"507","2018-05-22",3792,FALSE,5.59,0.17,0,0,60,65,56,14.1,16.1,1,0,0,0
"508","2018-05-23",7494,FALSE,8.72,0.2,0,0,66,82,57,18.1,23.9,1,1,0,0
"509","2018-05-24",7613,FALSE,11.41,0,0,0,74,82,61,23,29.1,0,0,0,0
"510","2018-05-25",6419,FALSE,12.75,0,0,0,69,82,60,21,25.1,0,0,0,0
"511","2018-05-26",3935,TRUE,8.5,0,0,0,73,81,67,19.9,23,0,0,0,0
"512","2018-05-27",1328,TRUE,13.42,0.89,0,0,65,71,55,25.9,32,1,1,0,0
"513","2018-05-28",3697,FALSE,7.61,0,0,0,57,63,54,15,19,0,0,0,0
"514","2018-05-29",7229,FALSE,8.05,0,0,0,66,79,60,15,17,0,0,0,0
"515","2018-05-30",7253,FALSE,8.05,0,0,0,64,69,57,17,21,1,0,0,0
"516","2018-05-31",4473,FALSE,6.71,0.03,0,0,63,67,60,14.1,17,1,0,0,0
"517","2018-06-01",4115,FALSE,4.7,1.18,0,0,67,75,63,10.1,13,1,0,0,0
"518","2018-06-02",4333,TRUE,10.07,0,0,0,75,86,64,23,29.1,1,1,0,0
"519","2018-06-03",3576,TRUE,15.88,0.11,0,0,63,64,51,25.1,32,1,0,0,0
"520","2018-06-04",4781,FALSE,8.5,0.61,0,0,57,71,51,17,23.9,1,0,0,0
"521","2018-06-05",7581,FALSE,9.84,0,0,0,64,76,53,21,28,1,0,0,0
"522","2018-06-06",7253,FALSE,8.72,0,0,0,63,71,56,16.1,19.9,0,0,0,0
"523","2018-06-07",7033,FALSE,8.95,0,0,0,60,66,58,17,19,0,0,0,0
"524","2018-06-08",6443,FALSE,9.4,0,0,0,65,74,58,18.1,21.9,0,0,0,0
"525","2018-06-09",4827,TRUE,6.49,0,0,0,71,79,65,13,18.1,0,0,0,0
"526","2018-06-10",2453,TRUE,6.04,0.02,0,0,68,72,57,14.1,17,0,0,0,0
"527","2018-06-11",6645,FALSE,8.05,0.02,0,0,62,69,56,18.1,21.9,0,0,0,0
"528","2018-06-12",8058,FALSE,10.51,0,0,0,61,69,52,23,28,0,0,0,0
"529","2018-06-13",5342,FALSE,11.18,0.04,0,0,65,73,62,19.9,25.9,1,0,0,0
"530","2018-06-14",7457,FALSE,17.22,0,0,0,76,85,68,25.1,35.1,0,0,0,0
"531","2018-06-15",6286,FALSE,12.3,0,0,0,71,77,61,25.1,32,0,0,0,0
"532","2018-06-16",4532,TRUE,10.07,0,0,0,71,82,60,21,23.9,0,0,0,0
"533","2018-06-17",2995,TRUE,8.5,0,0,0,74,87,63,16.1,21,0,0,0,0
"534","2018-06-18",6028,FALSE,13.87,0.43,0,0,73,80,67,35.1,44.1,1,1,0,0
"535","2018-06-19",6640,FALSE,10.07,0.02,0,0,80,89,72,23,27.1,0,0,0,1
"536","2018-06-20",7213,FALSE,8.5,0.01,0,0,73,78,67,18.1,21.9,1,0,0,0
"537","2018-06-21",6134,FALSE,7.83,0.28,0,0,72,82,66,16.1,21,1,0,0,0
"538","2018-06-22",6225,FALSE,11.18,0.04,0,0,68,71,63,21,25.1,1,0,0,0
"539","2018-06-23",2824,TRUE,8.05,0,0,0,65,67,63,16.1,21.9,0,0,0,0
"540","2018-06-24",4107,TRUE,9.62,0.17,0,0,69,77,65,21,25.1,1,1,0,0
"541","2018-06-25",6969,FALSE,11.41,0,0,0,75,82,65,25.1,34,0,0,0,0
"542","2018-06-26",7910,FALSE,11.63,0,0,0,68,73,61,18.1,23.9,0,0,0,0
"543","2018-06-27",6293,FALSE,12.53,0.02,0,0,69,73,63,21,25.9,1,0,0,0
"544","2018-06-28",3489,FALSE,11.18,0.93,0,0,72,80,70,23.9,31.1,1,1,0,0
"545","2018-06-29",5744,FALSE,8.95,0,0,0,78,91,70,18.1,23,0,0,0,0
"546","2018-06-30",3869,TRUE,6.93,0,0,0,82,88,70,15,18.1,0,0,0,0
"547","2018-07-01",2678,TRUE,6.71,0,0,0,82,94,73,13,16.1,0,0,0,0
"548","2018-07-02",5057,FALSE,6.93,0,0,0,82,91,74,16.1,19.9,0,0,0,0
"549","2018-07-03",4510,FALSE,6.49,0.01,0,0,78,86,74,14.1,17,1,0,0,0
"550","2018-07-04",2560,FALSE,6.71,0,0,0,79,86,75,14.1,15,1,0,0,0
"551","2018-07-05",4774,FALSE,12.75,0,0,0,79,86,75,28,33.1,0,0,0,0
"552","2018-07-06",2997,FALSE,13.2,0.11,0,0,78,84,69,30,36.9,1,1,0,0
"553","2018-07-07",4505,TRUE,10.07,0,0,0,71,75,61,25.1,34,0,0,0,0
"554","2018-07-08",4576,TRUE,6.71,0,0,0,69,78,59,13,17,0,0,0,0
"555","2018-07-09",7012,FALSE,11.41,0,0,0,72,83,64,21.9,25.9,0,0,0,0
"556","2018-07-10",6906,FALSE,9.62,0,0,0,77,89,67,18.1,21.9,0,0,0,0
"557","2018-07-11",6693,FALSE,10.07,0,0,0,78,88,70,18.1,23,0,0,0,0
"558","2018-07-12",6888,FALSE,7.16,0,0,0,74,83,68,13,17,0,0,0,0
"559","2018-07-13",6048,FALSE,9.84,0,0,0,74,81,65,17,19.9,0,0,0,0
"560","2018-07-14",4309,TRUE,12.08,0.28,0,0,76,85,67,33.1,40.9,1,1,0,0
"561","2018-07-15",3056,TRUE,9.17,0.6,0,0,75,82,69,17,21,1,1,0,0
"562","2018-07-16",6152,FALSE,11.18,0,0,0,78,87,73,23.9,30,1,0,0,1
"563","2018-07-17",3659,FALSE,10.51,0.68,0,0,76,83,71,25.1,33.1,1,1,0,0
"564","2018-07-18",6885,FALSE,12.75,0,0,0,76,87,68,23.9,29.1,0,0,0,0
"565","2018-07-19",7318,FALSE,8.72,0,0,0,75,81,66,14.1,16.1,0,0,0,0
"566","2018-07-20",6214,FALSE,8.5,0,0,0,74,80,66,16.1,19.9,0,0,0,0
"567","2018-07-21",3667,TRUE,14.32,0.58,0,0,72,77,66,28,36,1,0,0,0
"568","2018-07-22",2650,TRUE,19.01,0.93,0,0,73,78,71,33.1,44.1,1,0,0,0
"569","2018-07-23",2955,FALSE,16.78,0.07,0,0,75,79,73,23.9,33.1,1,0,0,0
"570","2018-07-24",5963,FALSE,17.22,0,0,0,77,83,74,23,31.1,0,0,0,0
"571","2018-07-25",2213,FALSE,15.66,0.3,0,0,76,81,72,25.1,32,1,0,0,0
"572","2018-07-26",5969,FALSE,10.96,0,0,0,77,85,72,17,21,0,0,0,0
"573","2018-07-27",4199,FALSE,7.61,1.17,0,0,78,86,69,33.1,40,1,1,0,0
"574","2018-07-28",4085,TRUE,6.71,0,0,0,76,85,71,17,19.9,0,0,0,0
"575","2018-07-29",4302,TRUE,11.41,0,0,0,77,83,71,18.1,21.9,0,0,0,0
"576","2018-07-30",6457,FALSE,6.04,0.02,0,0,75,81,69,18.1,23,1,0,0,0
"577","2018-07-31",7102,FALSE,7.83,0,0,0,73,79,67,15,18.1,0,0,0,0
"578","2018-08-01",4331,FALSE,15.43,0.02,0,0,78,84,75,28,35.1,0,0,0,0
"579","2018-08-02",5577,FALSE,14.32,0.02,0,0,80,85,76,29.1,34,1,0,0,0
"580","2018-08-03",4350,FALSE,11.18,0.05,0,0,78,84,73,25.1,30,1,1,0,0
"581","2018-08-04",2831,TRUE,10.96,0.17,0,0,77,86,73,21,25.1,1,0,0,0
"582","2018-08-05",3856,TRUE,7.83,0,0,0,81,88,73,17,23,0,0,0,0
"583","2018-08-06",5753,FALSE,10.74,0,0,0,82,89,75,21.9,25.9,0,0,0,0
"584","2018-08-07",5627,FALSE,12.3,0.74,0,0,80,85,72,28,33.1,1,1,0,0
"585","2018-08-08",5702,FALSE,9.62,0.01,0,0,78,85,73,21,23.9,1,0,0,0
"586","2018-08-09",6045,FALSE,9.62,0.3,0,0,82,90,74,21.9,27.1,1,1,0,0
"587","2018-08-10",5398,FALSE,8.28,0,0,0,80,86,69,21.9,25.9,0,0,0,0
"588","2018-08-11",1483,TRUE,7.61,0.33,0,0,75,79,70,21.9,25.9,1,1,0,0
"589","2018-08-12",3514,TRUE,6.49,1.84,0,0,76,83,71,19.9,30,1,1,0,0
"590","2018-08-13",2716,FALSE,9.17,0.6,0,0,74,77,71,16.1,21.9,1,0,0,0
"591","2018-08-14",5319,FALSE,9.62,0.14,0,0,75,82,70,21,23.9,1,1,0,0
"592","2018-08-15",6388,FALSE,11.41,0,0,0,78,89,71,17,25.9,0,0,0,0
"593","2018-08-16",6090,FALSE,9.4,0,0,0,82,89,74,17,21,0,0,0,0
"594","2018-08-17",4832,FALSE,11.41,0.03,0,0,80,85,74,23.9,31.1,1,1,0,0
"595","2018-08-18",3576,TRUE,10.29,0.14,0,0,79,86,71,23,28,1,1,0,0
"596","2018-08-19",2599,TRUE,11.41,0.02,0,0,71,73,67,21.9,29.1,0,0,0,0
"597","2018-08-20",6217,FALSE,7.16,0,0,0,70,74,67,16.1,19,0,0,0,0
"598","2018-08-21",6886,FALSE,10.07,0,0,0,70,76,64,16.1,21,0,0,0,0
"599","2018-08-22",5912,FALSE,13.2,0.26,0,0,77,86,71,25.1,30,1,0,0,0
"600","2018-08-23",6315,FALSE,11.18,0.01,0,0,74,80,66,19.9,25.1,0,0,0,0
"601","2018-08-24",5729,FALSE,6.49,0,0,0,74,81,62,16.1,18.1,0,0,0,0
"602","2018-08-25",4445,TRUE,6.49,0,0,0,73,79,64,13,17,0,0,0,0
"603","2018-08-26",4270,TRUE,11.41,0,0,0,73,81,66,21,25.9,0,0,0,0
"604","2018-08-27",6028,FALSE,8.72,0,0,0,79,87,73,17,19,0,0,0,0
"605","2018-08-28",5640,FALSE,10.29,0,0,0,82,90,76,21,23.9,1,0,0,1
"606","2018-08-29",5113,FALSE,9.84,0,0,0,84,92,73,16.1,19.9,0,0,0,0
"607","2018-08-30",5355,FALSE,10.51,0,0,0,83,92,77,18.1,23,1,0,0,0
"608","2018-08-31",4311,FALSE,13.65,0,0,0,76,77,71,21,25.9,1,0,0,0
"609","2018-09-01",3748,TRUE,8.72,0.01,0,0,72,77,68,16.1,19.9,0,0,0,0
"610","2018-09-02",3763,TRUE,7.38,0,0,0,72,80,64,14.1,18.1,0,0,0,0
"611","2018-09-03",3347,FALSE,9.84,0,0,0,78,84,75,17,21,0,0,0,0
"612","2018-09-04",5725,FALSE,6.49,0,0,0,83,93,76,13,16.1,0,0,0,0
"613","2018-09-05",6199,FALSE,8.28,0,0,0,80,87,74,14.1,17,1,0,0,0
"614","2018-09-06",5394,FALSE,10.51,0.69,0,0,80,89,73,25.9,32,1,1,0,0
"615","2018-09-07",5550,FALSE,8.95,0,0,0,74,77,70,14.1,18.1,0,0,0,0
"616","2018-09-08",3928,TRUE,12.08,0.04,0,0,69,72,62,19.9,25.1,1,0,0,0
"617","2018-09-09",1419,TRUE,12.53,0.44,0,0,61,63,56,18.1,23.9,1,0,0,0
"618","2018-09-10",1602,FALSE,14.54,1.25,0,0,60,65,56,25.1,34,1,0,0,0
"619","2018-09-11",4495,FALSE,4.03,0.27,0,0,68,76,64,8.9,11,1,0,0,0
"620","2018-09-12",3973,FALSE,3.8,0.04,0,0,74,79,71,12.1,14.1,1,0,0,0
"621","2018-09-13",4925,FALSE,9.17,0.11,0,0,72,78,69,14.1,18.1,1,0,0,0
"622","2018-09-14",5636,FALSE,9.17,0,0,0,71,78,67,17,21,0,0,0,0
"623","2018-09-15",4679,TRUE,5.37,0,0,0,71,79,65,12.1,15,0,0,0,0
"624","2018-09-16",4904,TRUE,5.37,0,0,0,72,80,64,13,16.1,0,0,0,0
"625","2018-09-17",5832,FALSE,8.95,0,0,0,72,79,65,18.1,25.1,0,0,0,0
"626","2018-09-18",3560,FALSE,12.3,0.67,0,0,75,81,70,23.9,30,1,1,0,0
"627","2018-09-19",6538,FALSE,9.84,0,0,0,74,84,67,17,21.9,0,0,0,0
"628","2018-09-20",6430,FALSE,6.93,0,0,0,68,73,64,14.1,18.1,0,0,0,0
"629","2018-09-21",5747,FALSE,14.76,0,0,0,69,73,67,23.9,29.1,0,0,0,0
"630","2018-09-22",4778,TRUE,12.75,0,0,0,72,75,63,25.9,34,0,0,0,0
"631","2018-09-23",3404,TRUE,6.04,0.04,0,0,63,69,61,10.1,13,1,0,0,0
"632","2018-09-24",6228,FALSE,13.42,0,0,0,63,71,57,25.1,33.1,0,0,0,0
"633","2018-09-25",1648,FALSE,14.99,0.81,0,0,65,73,58,28,35.1,1,0,0,0
"634","2018-09-26",4307,FALSE,13.42,0.36,0,0,73,79,64,21,27.1,1,1,0,0
"635","2018-09-27",6183,FALSE,12.75,0,0,0,69,75,61,19.9,28,0,0,0,0
"636","2018-09-28",3472,FALSE,10.51,1.26,0,0,62,65,56,23.9,31.1,1,0,0,0
"637","2018-09-29",4782,TRUE,7.61,0,0,0,65,76,58,15,19,0,0,0,0
"638","2018-09-30",4485,TRUE,7.61,0,0,0,63,70,54,13,16.1,0,0,0,0
